Timestamp,Library,Query,PID,Process_CPU_Percent,Children_CPU_Percent,Total_CPU_Percent,System_CPU_Percent
2026-02-17 19:08:44.601544,pyspark,1,662481,339.50,0.00,339.50,0.00
2026-02-17 19:08:45.207861,pyspark,1,662481,0.00,0.00,0.00,29.70
2026-02-17 19:08:45.816125,pyspark,1,662481,0.00,0.00,0.00,48.10
2026-02-17 19:08:46.427939,pyspark,1,662481,0.00,0.00,0.00,61.10
2026-02-17 19:08:47.042056,pyspark,1,662481,0.00,0.00,0.00,64.90
2026-02-17 19:08:47.648692,pyspark,1,662481,0.00,0.00,0.00,56.00
2026-02-17 19:08:48.254778,pyspark,1,662481,0.00,0.00,0.00,43.10
2026-02-17 19:08:48.861444,pyspark,1,662481,0.00,0.00,0.00,69.40
2026-02-17 19:08:49.466199,pyspark,1,662481,0.00,0.00,0.00,80.70
2026-02-17 19:08:50.075570,pyspark,1,662481,0.00,0.00,0.00,49.60
2026-02-17 19:08:50.682332,pyspark,1,662481,40.00,0.00,40.00,70.50
2026-02-17 19:08:51.290534,pyspark,1,662481,0.00,0.00,0.00,34.20
2026-02-17 19:08:51.897439,pyspark,1,662481,0.00,0.00,0.00,74.10
2026-02-17 19:08:52.503813,pyspark,1,662481,0.00,0.00,0.00,86.60
2026-02-17 19:08:53.123696,pyspark,1,662481,0.00,0.00,0.00,89.90
2026-02-17 19:08:53.770772,pyspark,1,662481,0.00,0.00,0.00,96.40
2026-02-17 19:08:54.402306,pyspark,1,662481,0.00,0.00,0.00,98.00
2026-02-17 19:08:55.015009,pyspark,1,662481,0.00,0.00,0.00,88.00
2026-02-17 19:08:55.630030,pyspark,1,662481,0.00,0.00,0.00,74.40
2026-02-17 19:08:56.130570,pyspark,1,662481,Process Not Found,-,-,-
2026-02-17 19:08:56.130622,pyspark,1,662481,Monitoring Ended,-,-,-
2026-02-17 19:08:56.404525,pyspark,2,663139,349.70,0.00,349.70,38.30
2026-02-17 19:08:57.011133,pyspark,2,663139,0.00,0.00,0.00,60.40
2026-02-17 19:08:57.620897,pyspark,2,663139,0.00,0.00,0.00,66.70
2026-02-17 19:08:58.230524,pyspark,2,663139,0.00,0.00,0.00,55.00
2026-02-17 19:08:58.840339,pyspark,2,663139,0.00,0.00,0.00,68.30
2026-02-17 19:08:59.450365,pyspark,2,663139,0.00,0.00,0.00,73.70
2026-02-17 19:09:00.067012,pyspark,2,663139,0.00,0.00,0.00,58.60
2026-02-17 19:09:00.680484,pyspark,2,663139,0.00,0.00,0.00,81.30
2026-02-17 19:09:01.289263,pyspark,2,663139,0.00,0.00,0.00,77.60
2026-02-17 19:09:01.898185,pyspark,2,663139,0.00,0.00,0.00,53.30
2026-02-17 19:09:02.509098,pyspark,2,663139,0.00,0.00,0.00,71.20
2026-02-17 19:09:03.129479,pyspark,2,663139,40.00,0.00,40.00,87.00
2026-02-17 19:09:03.748569,pyspark,2,663139,0.00,0.00,0.00,74.00
2026-02-17 19:09:04.372997,pyspark,2,663139,0.00,0.00,0.00,78.20
2026-02-17 19:09:04.998931,pyspark,2,663139,0.00,0.00,0.00,96.80
2026-02-17 19:09:05.619719,pyspark,2,663139,0.00,0.00,0.00,91.50
2026-02-17 19:09:06.234015,pyspark,2,663139,0.00,0.00,0.00,91.70
2026-02-17 19:09:06.854628,pyspark,2,663139,0.00,0.00,0.00,86.70
2026-02-17 19:09:07.484783,pyspark,2,663139,0.00,0.00,0.00,99.20
2026-02-17 19:09:08.098623,pyspark,2,663139,0.00,0.00,0.00,83.60
2026-02-17 19:09:08.598949,pyspark,2,663139,Monitoring Ended,-,-,-
2026-02-17 19:09:08.809304,pyspark,3,663890,399.60,0.00,399.60,0.00
2026-02-17 19:09:09.418848,pyspark,3,663890,0.00,0.00,0.00,59.30
2026-02-17 19:09:10.026091,pyspark,3,663890,0.00,0.00,0.00,72.30
2026-02-17 19:09:10.635222,pyspark,3,663890,10.00,0.00,10.00,51.00
2026-02-17 19:09:11.244942,pyspark,3,663890,0.00,0.00,0.00,74.40
2026-02-17 19:09:11.853864,pyspark,3,663890,0.00,0.00,0.00,59.20
2026-02-17 19:09:12.469866,pyspark,3,663890,0.00,0.00,0.00,56.40
2026-02-17 19:09:13.082565,pyspark,3,663890,0.00,0.00,0.00,73.00
2026-02-17 19:09:13.691485,pyspark,3,663890,0.00,0.00,0.00,68.50
2026-02-17 19:09:14.301684,pyspark,3,663890,0.00,0.00,0.00,57.70
2026-02-17 19:09:14.912582,pyspark,3,663890,0.00,0.00,0.00,69.00
2026-02-17 19:09:15.519865,pyspark,3,663890,89.90,0.00,89.90,80.20
2026-02-17 19:09:16.141806,pyspark,3,663890,0.00,0.00,0.00,77.20
2026-02-17 19:09:16.751991,pyspark,3,663890,0.00,0.00,0.00,91.80
2026-02-17 19:09:17.386080,pyspark,3,663890,0.00,0.00,0.00,98.40
2026-02-17 19:09:18.021842,pyspark,3,663890,0.00,0.00,0.00,87.00
2026-02-17 19:09:18.639901,pyspark,3,663890,0.00,0.00,0.00,96.80
2026-02-17 19:09:19.265684,pyspark,3,663890,0.00,0.00,0.00,99.20
2026-02-17 19:09:19.898834,pyspark,3,663890,0.00,0.00,0.00,96.00
2026-02-17 19:09:20.512655,pyspark,3,663890,0.00,0.00,0.00,84.00
2026-02-17 19:09:21.133790,pyspark,3,663890,0.00,0.00,0.00,91.50
2026-02-17 19:09:21.754030,pyspark,3,663890,0.00,0.00,0.00,99.60
2026-02-17 19:09:22.254242,pyspark,3,663890,Monitoring Ended,-,-,-
2026-02-17 19:09:22.460701,pyspark,4,664720,299.80,0.00,299.80,76.60
2026-02-17 19:09:23.077438,pyspark,4,664720,0.00,0.00,0.00,65.00
2026-02-17 19:09:23.684195,pyspark,4,664720,0.00,0.00,0.00,63.60
2026-02-17 19:09:24.317346,pyspark,4,664720,0.00,0.00,0.00,61.60
2026-02-17 19:09:24.927417,pyspark,4,664720,0.00,0.00,0.00,70.80
2026-02-17 19:09:25.538883,pyspark,4,664720,0.00,0.00,0.00,62.70
2026-02-17 19:09:26.145707,pyspark,4,664720,0.00,0.00,0.00,75.50
2026-02-17 19:09:26.752848,pyspark,4,664720,0.00,0.00,0.00,65.10
2026-02-17 19:09:27.359400,pyspark,4,664720,0.00,0.00,0.00,72.20
2026-02-17 19:09:27.965681,pyspark,4,664720,0.00,0.00,0.00,49.60
2026-02-17 19:09:28.577280,pyspark,4,664720,0.00,0.00,0.00,70.00
2026-02-17 19:09:29.186656,pyspark,4,664720,79.90,0.00,79.90,65.10
2026-02-17 19:09:29.808473,pyspark,4,664720,0.00,0.00,0.00,60.80
2026-02-17 19:09:30.416431,pyspark,4,664720,0.00,0.00,0.00,89.60
2026-02-17 19:09:31.046751,pyspark,4,664720,0.00,0.00,0.00,89.60
2026-02-17 19:09:31.667686,pyspark,4,664720,0.00,0.00,0.00,98.40
2026-02-17 19:09:32.284363,pyspark,4,664720,0.00,0.00,0.00,99.20
2026-02-17 19:09:32.896815,pyspark,4,664720,0.00,0.00,0.00,95.50
2026-02-17 19:09:33.522311,pyspark,4,664720,0.00,0.00,0.00,95.20
2026-02-17 19:09:34.228862,pyspark,4,664720,0.00,0.00,0.00,99.30
2026-02-17 19:09:34.846930,pyspark,4,664720,0.00,0.00,0.00,99.60
2026-02-17 19:09:35.464221,pyspark,4,664720,29.90,0.00,29.90,88.60
2026-02-17 19:09:35.964385,pyspark,4,664720,Monitoring Ended,-,-,-
2026-02-17 19:09:36.180045,pyspark,5,665470,289.70,0.00,289.70,75.20
2026-02-17 19:09:36.798346,pyspark,5,665470,0.00,0.00,0.00,69.30
2026-02-17 19:09:37.435094,pyspark,5,665470,0.00,0.00,0.00,72.50
2026-02-17 19:09:38.051814,pyspark,5,665470,0.00,0.00,0.00,71.50
2026-02-17 19:09:38.665592,pyspark,5,665470,0.00,0.00,0.00,62.70
2026-02-17 19:09:39.281173,pyspark,5,665470,0.00,0.00,0.00,76.70
2026-02-17 19:09:39.891111,pyspark,5,665470,0.00,0.00,0.00,72.10
2026-02-17 19:09:40.501468,pyspark,5,665470,0.00,0.00,0.00,55.60
2026-02-17 19:09:41.110743,pyspark,5,665470,0.00,0.00,0.00,72.00
2026-02-17 19:09:41.720193,pyspark,5,665470,0.00,0.00,0.00,71.50
2026-02-17 19:09:42.327338,pyspark,5,665470,0.00,0.00,0.00,54.60
2026-02-17 19:09:42.938815,pyspark,5,665470,0.00,0.00,0.00,71.80
2026-02-17 19:09:43.549419,pyspark,5,665470,0.00,0.00,0.00,83.30
2026-02-17 19:09:44.165756,pyspark,5,665470,0.00,0.00,0.00,66.30
2026-02-17 19:09:44.772947,pyspark,5,665470,0.00,0.00,0.00,76.80
2026-02-17 19:09:45.415399,pyspark,5,665470,0.00,0.00,0.00,94.90
2026-02-17 19:09:46.056071,pyspark,5,665470,0.00,0.00,0.00,92.60
2026-02-17 19:09:46.701932,pyspark,5,665470,0.00,0.00,0.00,98.50
2026-02-17 19:09:47.340946,pyspark,5,665470,0.00,0.00,0.00,98.80
2026-02-17 19:09:47.969408,pyspark,5,665470,0.00,0.00,0.00,98.80
2026-02-17 19:09:48.607923,pyspark,5,665470,0.00,0.00,0.00,99.60
2026-02-17 19:09:49.242389,pyspark,5,665470,0.00,0.00,0.00,97.60
2026-02-17 19:09:49.863133,pyspark,5,665470,0.00,0.00,0.00,91.50
2026-02-17 19:09:50.502375,pyspark,5,665470,0.00,0.00,0.00,89.80
2026-02-17 19:09:51.123964,pyspark,5,665470,0.00,0.00,0.00,99.20
2026-02-17 19:09:51.740089,pyspark,5,665470,0.00,0.00,0.00,92.30
2026-02-17 19:09:52.341404,pyspark,5,665470,Process Not Found,-,-,-
2026-02-17 19:09:52.341463,pyspark,5,665470,Monitoring Ended,-,-,-
2026-02-17 19:09:52.748876,pyspark,6,666510,319.60,0.00,319.60,66.70
2026-02-17 19:09:53.378044,pyspark,6,666510,0.00,0.00,0.00,78.00
2026-02-17 19:09:54.009652,pyspark,6,666510,0.00,0.00,0.00,78.60
2026-02-17 19:09:54.619768,pyspark,6,666510,0.00,0.00,0.00,71.70
2026-02-17 19:09:55.234233,pyspark,6,666510,10.00,0.00,10.00,52.70
2026-02-17 19:09:55.845186,pyspark,6,666510,0.00,0.00,0.00,67.40
2026-02-17 19:09:56.456120,pyspark,6,666510,10.00,0.00,10.00,72.60
2026-02-17 19:09:57.063303,pyspark,6,666510,0.00,0.00,0.00,63.40
2026-02-17 19:09:57.673066,pyspark,6,666510,0.00,0.00,0.00,69.80
2026-02-17 19:09:58.280532,pyspark,6,666510,0.00,0.00,0.00,85.10
2026-02-17 19:09:58.890156,pyspark,6,666510,0.00,0.00,0.00,56.50
2026-02-17 19:09:59.507310,pyspark,6,666510,0.00,0.00,0.00,59.40
2026-02-17 19:10:00.118891,pyspark,6,666510,0.00,0.00,0.00,66.50
2026-02-17 19:10:00.731356,pyspark,6,666510,0.00,0.00,0.00,73.10
2026-02-17 19:10:01.363473,pyspark,6,666510,0.00,0.00,0.00,97.20
2026-02-17 19:10:01.985481,pyspark,6,666510,0.00,0.00,0.00,89.40
2026-02-17 19:10:02.599275,pyspark,6,666510,69.90,0.00,69.90,87.70
2026-02-17 19:10:03.099496,pyspark,6,666510,Monitoring Ended,-,-,-
2026-02-17 19:10:03.324411,pyspark,7,667168,319.80,0.00,319.80,76.40
2026-02-17 19:10:03.932254,pyspark,7,667168,0.00,0.00,0.00,56.90
2026-02-17 19:10:04.543232,pyspark,7,667168,0.00,0.00,0.00,77.50
2026-02-17 19:10:05.150636,pyspark,7,667168,0.00,0.00,0.00,61.60
2026-02-17 19:10:05.760316,pyspark,7,667168,0.00,0.00,0.00,60.40
2026-02-17 19:10:06.373850,pyspark,7,667168,0.00,0.00,0.00,73.30
2026-02-17 19:10:06.983709,pyspark,7,667168,0.00,0.00,0.00,62.20
2026-02-17 19:10:07.593223,pyspark,7,667168,0.00,0.00,0.00,59.10
2026-02-17 19:10:08.213695,pyspark,7,667168,0.00,0.00,0.00,80.90
2026-02-17 19:10:08.824116,pyspark,7,667168,0.00,0.00,0.00,77.80
2026-02-17 19:10:09.433903,pyspark,7,667168,0.00,0.00,0.00,54.20
2026-02-17 19:10:10.052851,pyspark,7,667168,0.00,0.00,0.00,82.20
2026-02-17 19:10:10.681522,pyspark,7,667168,9.90,0.00,9.90,96.80
2026-02-17 19:10:11.303104,pyspark,7,667168,0.00,0.00,0.00,98.00
2026-02-17 19:10:11.915331,pyspark,7,667168,0.00,0.00,0.00,72.70
2026-02-17 19:10:12.535370,pyspark,7,667168,0.00,0.00,0.00,93.50
2026-02-17 19:10:13.158091,pyspark,7,667168,0.00,0.00,0.00,91.50
2026-02-17 19:10:13.810967,pyspark,7,667168,0.00,0.00,0.00,90.30
2026-02-17 19:10:14.457953,pyspark,7,667168,0.00,0.00,0.00,99.60
2026-02-17 19:10:15.068712,pyspark,7,667168,0.00,0.00,0.00,88.00
2026-02-17 19:10:15.681269,pyspark,7,667168,0.00,0.00,0.00,67.90
2026-02-17 19:10:16.312668,pyspark,7,667168,0.00,0.00,0.00,95.60
2026-02-17 19:10:16.938019,pyspark,7,667168,0.00,0.00,0.00,99.60
2026-02-17 19:10:17.569549,pyspark,7,667168,0.00,0.00,0.00,99.20
2026-02-17 19:10:18.190582,pyspark,7,667168,0.00,0.00,0.00,89.90
2026-02-17 19:10:18.792943,pyspark,7,667168,Process Not Found,-,-,-
2026-02-17 19:10:18.793009,pyspark,7,667168,Monitoring Ended,-,-,-
2026-02-17 19:10:19.377246,pyspark,8,668111,389.70,0.00,389.70,70.40
2026-02-17 19:10:19.985250,pyspark,8,668111,0.00,0.00,0.00,63.20
2026-02-17 19:10:20.593081,pyspark,8,668111,0.00,0.00,0.00,66.50
2026-02-17 19:10:21.201573,pyspark,8,668111,10.00,0.00,10.00,56.50
2026-02-17 19:10:21.811300,pyspark,8,668111,0.00,0.00,0.00,75.70
2026-02-17 19:10:22.418489,pyspark,8,668111,0.00,0.00,0.00,67.60
2026-02-17 19:10:23.027874,pyspark,8,668111,0.00,0.00,0.00,53.70
2026-02-17 19:10:23.649941,pyspark,8,668111,0.00,0.00,0.00,79.40
2026-02-17 19:10:24.290999,pyspark,8,668111,0.00,0.00,0.00,88.50
2026-02-17 19:10:24.914144,pyspark,8,668111,0.00,0.00,0.00,75.70
2026-02-17 19:10:25.526544,pyspark,8,668111,0.00,0.00,0.00,57.10
2026-02-17 19:10:26.133572,pyspark,8,668111,0.00,0.00,0.00,69.70
2026-02-17 19:10:26.744438,pyspark,8,668111,0.00,0.00,0.00,85.00
2026-02-17 19:10:27.351852,pyspark,8,668111,109.80,0.00,109.80,80.80
2026-02-17 19:10:27.976174,pyspark,8,668111,0.00,0.00,0.00,70.60
2026-02-17 19:10:28.597791,pyspark,8,668111,0.00,0.00,0.00,84.60
2026-02-17 19:10:29.264446,pyspark,8,668111,0.00,0.00,0.00,98.90
2026-02-17 19:10:29.885430,pyspark,8,668111,0.00,0.00,0.00,99.60
2026-02-17 19:10:30.630971,pyspark,8,668111,0.00,0.00,0.00,97.00
2026-02-17 19:10:31.257942,pyspark,8,668111,0.00,0.00,0.00,98.00
2026-02-17 19:10:31.895451,pyspark,8,668111,0.00,0.00,0.00,92.50
2026-02-17 19:10:32.516689,pyspark,8,668111,0.00,0.00,0.00,89.90
2026-02-17 19:10:33.151662,pyspark,8,668111,0.00,0.00,0.00,98.40
2026-02-17 19:10:33.787686,pyspark,8,668111,0.00,0.00,0.00,99.60
2026-02-17 19:10:34.421710,pyspark,8,668111,0.00,0.00,0.00,98.40
2026-02-17 19:10:35.058255,pyspark,8,668111,0.00,0.00,0.00,97.20
2026-02-17 19:10:35.674743,pyspark,8,668111,0.00,0.00,0.00,99.20
2026-02-17 19:10:36.276449,pyspark,8,668111,Process Not Found,-,-,-
2026-02-17 19:10:36.276540,pyspark,8,668111,Monitoring Ended,-,-,-
2026-02-17 19:10:36.826205,pyspark,9,669216,337.90,0.00,337.90,66.90
2026-02-17 19:10:37.440029,pyspark,9,669216,0.00,0.00,0.00,60.70
2026-02-17 19:10:38.091031,pyspark,9,669216,0.00,0.00,0.00,79.30
2026-02-17 19:10:38.698500,pyspark,9,669216,0.00,0.00,0.00,61.00
2026-02-17 19:10:39.309072,pyspark,9,669216,0.00,0.00,0.00,66.30
2026-02-17 19:10:39.924585,pyspark,9,669216,0.00,0.00,0.00,70.80
2026-02-17 19:10:40.559185,pyspark,9,669216,0.00,0.00,0.00,74.10
2026-02-17 19:10:41.170149,pyspark,9,669216,0.00,0.00,0.00,69.40
2026-02-17 19:10:41.777929,pyspark,9,669216,0.00,0.00,0.00,69.60
2026-02-17 19:10:42.383842,pyspark,9,669216,0.00,0.00,0.00,68.70
2026-02-17 19:10:42.993534,pyspark,9,669216,0.00,0.00,0.00,54.90
2026-02-17 19:10:43.606754,pyspark,9,669216,0.00,0.00,0.00,77.00
2026-02-17 19:10:44.217274,pyspark,9,669216,10.00,0.00,10.00,86.40
2026-02-17 19:10:44.834251,pyspark,9,669216,0.00,0.00,0.00,63.40
2026-02-17 19:10:45.457379,pyspark,9,669216,0.00,0.00,0.00,84.30
2026-02-17 19:10:46.080105,pyspark,9,669216,0.00,0.00,0.00,97.20
2026-02-17 19:10:46.747638,pyspark,9,669216,0.00,0.00,0.00,98.90
2026-02-17 19:10:47.388849,pyspark,9,669216,0.00,0.00,0.00,98.00
2026-02-17 19:10:48.028272,pyspark,9,669216,0.00,0.00,0.00,98.40
2026-02-17 19:10:48.647858,pyspark,9,669216,0.00,0.00,0.00,99.20
2026-02-17 19:10:49.279041,pyspark,9,669216,0.00,0.00,0.00,96.80
2026-02-17 19:10:49.893160,pyspark,9,669216,0.00,0.00,0.00,95.10
2026-02-17 19:10:50.529735,pyspark,9,669216,0.00,0.00,0.00,93.30
2026-02-17 19:10:51.182383,pyspark,9,669216,0.00,0.00,0.00,99.60
2026-02-17 19:10:51.804297,pyspark,9,669216,0.00,0.00,0.00,100.00
2026-02-17 19:10:52.426433,pyspark,9,669216,0.00,0.00,0.00,100.00
2026-02-17 19:10:53.036935,pyspark,9,669216,89.90,0.00,89.90,81.80
2026-02-17 19:10:53.537187,pyspark,9,669216,Monitoring Ended,-,-,-
2026-02-17 19:10:53.762488,pyspark,10,670196,339.70,0.00,339.70,80.80
2026-02-17 19:10:54.371842,pyspark,10,670196,0.00,0.00,0.00,58.50
2026-02-17 19:10:54.979188,pyspark,10,670196,0.00,0.00,0.00,73.90
2026-02-17 19:10:55.584561,pyspark,10,670196,0.00,0.00,0.00,45.20
2026-02-17 19:10:56.194671,pyspark,10,670196,0.00,0.00,0.00,74.10
2026-02-17 19:10:56.802012,pyspark,10,670196,0.00,0.00,0.00,72.30
2026-02-17 19:10:57.408052,pyspark,10,670196,0.00,0.00,0.00,55.60
2026-02-17 19:10:58.020250,pyspark,10,670196,0.00,0.00,0.00,62.40
2026-02-17 19:10:58.631634,pyspark,10,670196,0.00,0.00,0.00,74.30
2026-02-17 19:10:59.240046,pyspark,10,670196,0.00,0.00,0.00,53.30
2026-02-17 19:10:59.851537,pyspark,10,670196,0.00,0.00,0.00,71.20
2026-02-17 19:11:00.471300,pyspark,10,670196,0.00,0.00,0.00,93.10
2026-02-17 19:11:01.094200,pyspark,10,670196,0.00,0.00,0.00,69.10
2026-02-17 19:11:01.712585,pyspark,10,670196,0.00,0.00,0.00,82.30
2026-02-17 19:11:02.332122,pyspark,10,670196,0.00,0.00,0.00,97.60
2026-02-17 19:11:02.963413,pyspark,10,670196,0.00,0.00,0.00,100.00
2026-02-17 19:11:03.594387,pyspark,10,670196,0.00,0.00,0.00,99.20
2026-02-17 19:11:04.214919,pyspark,10,670196,0.00,0.00,0.00,99.20
2026-02-17 19:11:04.843937,pyspark,10,670196,0.00,0.00,0.00,98.80
2026-02-17 19:11:05.495083,pyspark,10,670196,0.00,0.00,0.00,99.20
2026-02-17 19:11:06.110780,pyspark,10,670196,0.00,0.00,0.00,96.70
2026-02-17 19:11:06.739860,pyspark,10,670196,0.00,0.00,0.00,80.80
2026-02-17 19:11:07.380229,pyspark,10,670196,0.00,0.00,0.00,99.20
2026-02-17 19:11:08.003787,pyspark,10,670196,0.00,0.00,0.00,98.80
2026-02-17 19:11:08.634801,pyspark,10,670196,0.00,0.00,0.00,100.00
2026-02-17 19:11:09.266479,pyspark,10,670196,0.00,0.00,0.00,94.90
2026-02-17 19:11:09.882830,pyspark,10,670196,0.00,0.00,0.00,98.40
2026-02-17 19:11:10.503689,pyspark,10,670196,0.00,0.00,0.00,96.80
2026-02-17 19:11:11.133677,pyspark,10,670196,0.00,0.00,0.00,99.20
2026-02-17 19:11:11.734416,pyspark,10,670196,Process Not Found,-,-,-
2026-02-17 19:11:11.734500,pyspark,10,670196,Monitoring Ended,-,-,-
2026-02-17 19:11:12.014915,pyspark,11,671228,349.60,0.00,349.60,64.40
2026-02-17 19:11:12.631980,pyspark,11,671228,0.00,0.00,0.00,68.30
2026-02-17 19:11:13.240864,pyspark,11,671228,0.00,0.00,0.00,85.50
2026-02-17 19:11:13.848037,pyspark,11,671228,0.00,0.00,0.00,71.30
2026-02-17 19:11:14.460477,pyspark,11,671228,0.00,0.00,0.00,56.80
2026-02-17 19:11:15.073836,pyspark,11,671228,0.00,0.00,0.00,79.50
2026-02-17 19:11:15.682965,pyspark,11,671228,10.00,0.00,10.00,74.80
2026-02-17 19:11:16.292139,pyspark,11,671228,0.00,0.00,0.00,54.10
2026-02-17 19:11:16.902451,pyspark,11,671228,0.00,0.00,0.00,63.10
2026-02-17 19:11:17.514711,pyspark,11,671228,0.00,0.00,0.00,83.50
2026-02-17 19:11:18.124716,pyspark,11,671228,0.00,0.00,0.00,56.50
2026-02-17 19:11:18.745689,pyspark,11,671228,0.00,0.00,0.00,75.40
2026-02-17 19:11:19.379600,pyspark,11,671228,0.00,0.00,0.00,89.70
2026-02-17 19:11:19.986243,pyspark,11,671228,109.90,0.00,109.90,80.00
2026-02-17 19:11:20.599023,pyspark,11,671228,0.00,0.00,0.00,67.10
2026-02-17 19:11:21.211166,pyspark,11,671228,0.00,0.00,0.00,79.50
2026-02-17 19:11:21.830925,pyspark,11,671228,0.00,0.00,0.00,85.80
2026-02-17 19:11:22.458297,pyspark,11,671228,0.00,0.00,0.00,93.50
2026-02-17 19:11:23.070060,pyspark,11,671228,0.00,0.00,0.00,98.00
2026-02-17 19:11:23.685319,pyspark,11,671228,0.00,0.00,0.00,95.90
2026-02-17 19:11:24.296087,pyspark,11,671228,0.00,0.00,0.00,90.90
2026-02-17 19:11:24.796236,pyspark,11,671228,Monitoring Ended,-,-,-
2026-02-17 19:11:25.009093,pyspark,12,672066,339.50,0.00,339.50,79.90
2026-02-17 19:11:25.618580,pyspark,12,672066,0.00,0.00,0.00,66.00
2026-02-17 19:11:26.239942,pyspark,12,672066,0.00,0.00,0.00,72.10
2026-02-17 19:11:26.858591,pyspark,12,672066,0.00,0.00,0.00,69.40
2026-02-17 19:11:27.474545,pyspark,12,672066,0.00,0.00,0.00,70.00
2026-02-17 19:11:28.088149,pyspark,12,672066,0.00,0.00,0.00,64.70
2026-02-17 19:11:28.713523,pyspark,12,672066,0.00,0.00,0.00,70.60
2026-02-17 19:11:29.343137,pyspark,12,672066,0.00,0.00,0.00,66.80
2026-02-17 19:11:29.967612,pyspark,12,672066,0.00,0.00,0.00,76.50
2026-02-17 19:11:30.573760,pyspark,12,672066,0.00,0.00,0.00,66.00
2026-02-17 19:11:31.179978,pyspark,12,672066,0.00,0.00,0.00,56.10
2026-02-17 19:11:31.790755,pyspark,12,672066,0.00,0.00,0.00,77.60
2026-02-17 19:11:32.410847,pyspark,12,672066,0.00,0.00,0.00,55.50
2026-02-17 19:11:33.036628,pyspark,12,672066,0.00,0.00,0.00,75.90
2026-02-17 19:11:33.657928,pyspark,12,672066,0.00,0.00,0.00,89.80
2026-02-17 19:11:34.292098,pyspark,12,672066,0.00,0.00,0.00,99.20
2026-02-17 19:11:34.912716,pyspark,12,672066,0.00,0.00,0.00,99.20
2026-02-17 19:11:35.530181,pyspark,12,672066,0.00,0.00,0.00,96.70
2026-02-17 19:11:36.158557,pyspark,12,672066,0.00,0.00,0.00,91.90
2026-02-17 19:11:36.800266,pyspark,12,672066,0.00,0.00,0.00,93.80
2026-02-17 19:11:37.422036,pyspark,12,672066,0.00,0.00,0.00,96.80
2026-02-17 19:11:38.033491,pyspark,12,672066,59.90,0.00,59.90,93.40
2026-02-17 19:11:38.533823,pyspark,12,672066,Monitoring Ended,-,-,-
2026-02-17 19:11:38.744734,pyspark,13,672787,359.60,0.00,359.60,76.40
2026-02-17 19:11:39.382752,pyspark,13,672787,0.00,0.00,0.00,67.20
2026-02-17 19:11:39.999143,pyspark,13,672787,0.00,0.00,0.00,85.50
2026-02-17 19:11:40.609151,pyspark,13,672787,0.00,0.00,0.00,66.70
2026-02-17 19:11:41.234525,pyspark,13,672787,0.00,0.00,0.00,74.70
2026-02-17 19:11:41.844334,pyspark,13,672787,0.00,0.00,0.00,89.60
2026-02-17 19:11:42.458032,pyspark,13,672787,0.00,0.00,0.00,85.50
2026-02-17 19:11:43.064499,pyspark,13,672787,0.00,0.00,0.00,60.30
2026-02-17 19:11:43.681745,pyspark,13,672787,0.00,0.00,0.00,57.60
2026-02-17 19:11:44.293463,pyspark,13,672787,0.00,0.00,0.00,80.10
2026-02-17 19:11:44.903032,pyspark,13,672787,0.00,0.00,0.00,77.80
2026-02-17 19:11:45.508826,pyspark,13,672787,0.00,0.00,0.00,53.10
2026-02-17 19:11:46.119654,pyspark,13,672787,89.90,0.00,89.90,74.40
2026-02-17 19:11:46.729431,pyspark,13,672787,0.00,0.00,0.00,58.80
2026-02-17 19:11:47.354672,pyspark,13,672787,0.00,0.00,0.00,82.10
2026-02-17 19:11:47.987740,pyspark,13,672787,0.00,0.00,0.00,90.90
2026-02-17 19:11:48.612259,pyspark,13,672787,0.00,0.00,0.00,98.40
2026-02-17 19:11:49.223284,pyspark,13,672787,0.00,0.00,0.00,90.50
2026-02-17 19:11:49.832435,pyspark,13,672787,0.00,0.00,0.00,62.20
2026-02-17 19:11:50.455541,pyspark,13,672787,0.00,0.00,0.00,78.20
2026-02-17 19:11:51.079942,pyspark,13,672787,0.00,0.00,0.00,97.60
2026-02-17 19:11:51.688363,pyspark,13,672787,0.00,0.00,0.00,86.30
2026-02-17 19:11:52.188819,pyspark,13,672787,Process Not Found,-,-,-
2026-02-17 19:11:52.188872,pyspark,13,672787,Monitoring Ended,-,-,-
2026-02-17 19:11:52.655676,pyspark,14,673663,359.60,0.00,359.60,57.20
2026-02-17 19:11:53.262182,pyspark,14,673663,0.00,0.00,0.00,59.60
2026-02-17 19:11:53.871447,pyspark,14,673663,0.00,0.00,0.00,70.20
2026-02-17 19:11:54.482079,pyspark,14,673663,0.00,0.00,0.00,53.70
2026-02-17 19:11:55.092019,pyspark,14,673663,0.00,0.00,0.00,66.70
2026-02-17 19:11:55.701414,pyspark,14,673663,10.00,0.00,10.00,78.40
2026-02-17 19:11:56.310504,pyspark,14,673663,0.00,0.00,0.00,55.60
2026-02-17 19:11:56.920719,pyspark,14,673663,0.00,0.00,0.00,68.90
2026-02-17 19:11:57.527109,pyspark,14,673663,0.00,0.00,0.00,73.10
2026-02-17 19:11:58.142715,pyspark,14,673663,0.00,0.00,0.00,57.90
2026-02-17 19:11:58.762276,pyspark,14,673663,0.00,0.00,0.00,74.70
2026-02-17 19:11:59.371266,pyspark,14,673663,0.00,0.00,0.00,54.40
2026-02-17 19:11:59.984304,pyspark,14,673663,0.00,0.00,0.00,76.10
2026-02-17 19:12:00.607100,pyspark,14,673663,0.00,0.00,0.00,85.00
2026-02-17 19:12:01.239414,pyspark,14,673663,0.00,0.00,0.00,82.90
2026-02-17 19:12:01.863837,pyspark,14,673663,0.00,0.00,0.00,99.20
2026-02-17 19:12:02.474978,pyspark,14,673663,99.90,0.00,99.90,83.50
2026-02-17 19:12:02.975169,pyspark,14,673663,Monitoring Ended,-,-,-
2026-02-17 19:12:03.180990,pyspark,15,674312,349.60,0.00,349.60,71.80
2026-02-17 19:12:03.788368,pyspark,15,674312,0.00,0.00,0.00,60.30
2026-02-17 19:12:04.397782,pyspark,15,674312,0.00,0.00,0.00,70.20
2026-02-17 19:12:05.004149,pyspark,15,674312,0.00,0.00,0.00,53.40
2026-02-17 19:12:05.614534,pyspark,15,674312,0.00,0.00,0.00,69.80
2026-02-17 19:12:06.221577,pyspark,15,674312,10.00,0.00,10.00,73.90
2026-02-17 19:12:06.827538,pyspark,15,674312,0.00,0.00,0.00,58.20
2026-02-17 19:12:07.442122,pyspark,15,674312,0.00,0.00,0.00,70.40
2026-02-17 19:12:08.049317,pyspark,15,674312,0.00,0.00,0.00,74.70
2026-02-17 19:12:08.660252,pyspark,15,674312,0.00,0.00,0.00,56.60
2026-02-17 19:12:09.271789,pyspark,15,674312,0.00,0.00,0.00,67.20
2026-02-17 19:12:09.877934,pyspark,15,674312,109.90,0.00,109.90,70.20
2026-02-17 19:12:10.487097,pyspark,15,674312,0.00,0.00,0.00,59.90
2026-02-17 19:12:11.118843,pyspark,15,674312,0.00,0.00,0.00,95.20
2026-02-17 19:12:11.737758,pyspark,15,674312,0.00,0.00,0.00,96.30
2026-02-17 19:12:12.354713,pyspark,15,674312,0.00,0.00,0.00,99.20
2026-02-17 19:12:12.976043,pyspark,15,674312,0.00,0.00,0.00,98.40
2026-02-17 19:12:13.607555,pyspark,15,674312,0.00,0.00,0.00,94.40
2026-02-17 19:12:14.224277,pyspark,15,674312,0.00,0.00,0.00,97.20
2026-02-17 19:12:14.858121,pyspark,15,674312,0.00,0.00,0.00,94.00
2026-02-17 19:12:15.358404,pyspark,15,674312,Monitoring Ended,-,-,-
2026-02-17 19:12:15.575756,pyspark,16,675018,269.70,0.00,269.70,75.00
2026-02-17 19:12:16.195162,pyspark,16,675018,0.00,0.00,0.00,81.40
2026-02-17 19:12:16.822591,pyspark,16,675018,0.00,0.00,0.00,92.30
2026-02-17 19:12:17.443485,pyspark,16,675018,0.00,0.00,0.00,88.70
2026-02-17 19:12:18.049811,pyspark,16,675018,0.00,0.00,0.00,62.30
2026-02-17 19:12:18.661228,pyspark,16,675018,0.00,0.00,0.00,79.20
2026-02-17 19:12:19.272761,pyspark,16,675018,0.00,0.00,0.00,81.60
2026-02-17 19:12:19.882355,pyspark,16,675018,0.00,0.00,0.00,69.60
2026-02-17 19:12:20.491940,pyspark,16,675018,0.00,0.00,0.00,64.50
2026-02-17 19:12:21.102320,pyspark,16,675018,0.00,0.00,0.00,76.90
2026-02-17 19:12:21.730338,pyspark,16,675018,0.00,0.00,0.00,50.60
2026-02-17 19:12:22.340292,pyspark,16,675018,0.00,0.00,0.00,81.70
2026-02-17 19:12:22.957551,pyspark,16,675018,99.40,0.00,99.40,86.50
2026-02-17 19:12:23.572752,pyspark,16,675018,0.00,0.00,0.00,63.10
2026-02-17 19:12:24.206398,pyspark,16,675018,0.00,0.00,0.00,90.40
2026-02-17 19:12:24.825906,pyspark,16,675018,0.00,0.00,0.00,78.50
2026-02-17 19:12:25.460180,pyspark,16,675018,0.00,0.00,0.00,91.70
2026-02-17 19:12:26.082247,pyspark,16,675018,0.00,0.00,0.00,95.60
2026-02-17 19:12:26.699225,pyspark,16,675018,0.00,0.00,0.00,96.30
2026-02-17 19:12:27.320717,pyspark,16,675018,0.00,0.00,0.00,91.10
2026-02-17 19:12:27.934540,pyspark,16,675018,10.00,0.00,10.00,91.00
2026-02-17 19:12:28.435088,pyspark,16,675018,Process Not Found,-,-,-
2026-02-17 19:12:28.435141,pyspark,16,675018,Monitoring Ended,-,-,-
2026-02-17 19:12:28.934620,pyspark,17,675842,349.70,0.00,349.70,51.30
2026-02-17 19:12:29.544246,pyspark,17,675842,10.00,0.00,10.00,58.90
2026-02-17 19:12:30.150488,pyspark,17,675842,0.00,0.00,0.00,59.80
2026-02-17 19:12:30.762976,pyspark,17,675842,0.00,0.00,0.00,68.50
2026-02-17 19:12:31.375042,pyspark,17,675842,0.00,0.00,0.00,77.10
2026-02-17 19:12:31.985024,pyspark,17,675842,0.00,0.00,0.00,72.00
2026-02-17 19:12:32.593645,pyspark,17,675842,0.00,0.00,0.00,62.40
2026-02-17 19:12:33.205278,pyspark,17,675842,0.00,0.00,0.00,70.80
2026-02-17 19:12:33.813591,pyspark,17,675842,0.00,0.00,0.00,80.50
2026-02-17 19:12:34.423551,pyspark,17,675842,0.00,0.00,0.00,53.10
2026-02-17 19:12:35.035563,pyspark,17,675842,0.00,0.00,0.00,74.10
2026-02-17 19:12:35.644772,pyspark,17,675842,0.00,0.00,0.00,55.80
2026-02-17 19:12:36.256720,pyspark,17,675842,0.00,0.00,0.00,78.90
2026-02-17 19:12:36.879552,pyspark,17,675842,0.00,0.00,0.00,97.20
2026-02-17 19:12:37.498606,pyspark,17,675842,0.00,0.00,0.00,93.10
2026-02-17 19:12:38.134621,pyspark,17,675842,0.00,0.00,0.00,99.20
2026-02-17 19:12:38.754387,pyspark,17,675842,0.00,0.00,0.00,99.20
2026-02-17 19:12:39.384267,pyspark,17,675842,0.00,0.00,0.00,99.20
2026-02-17 19:12:39.998778,pyspark,17,675842,0.00,0.00,0.00,99.20
2026-02-17 19:12:40.616645,pyspark,17,675842,0.00,0.00,0.00,95.50
2026-02-17 19:12:41.227321,pyspark,17,675842,10.00,0.00,10.00,96.30
2026-02-17 19:12:41.727457,pyspark,17,675842,Monitoring Ended,-,-,-
2026-02-17 19:12:41.936736,pyspark,18,676554,359.60,0.00,359.60,78.20
2026-02-17 19:12:42.548302,pyspark,18,676554,0.00,0.00,0.00,59.30
2026-02-17 19:12:43.157475,pyspark,18,676554,0.00,0.00,0.00,67.90
2026-02-17 19:12:43.787700,pyspark,18,676554,0.00,0.00,0.00,61.70
2026-02-17 19:12:44.401408,pyspark,18,676554,0.00,0.00,0.00,77.20
2026-02-17 19:12:45.019122,pyspark,18,676554,9.90,0.00,9.90,72.40
2026-02-17 19:12:45.625998,pyspark,18,676554,10.00,0.00,10.00,60.70
2026-02-17 19:12:46.236210,pyspark,18,676554,0.00,0.00,0.00,73.60
2026-02-17 19:12:46.852816,pyspark,18,676554,0.00,0.00,0.00,64.60
2026-02-17 19:12:47.464487,pyspark,18,676554,0.00,0.00,0.00,57.30
2026-02-17 19:12:48.075266,pyspark,18,676554,0.00,0.00,0.00,78.10
2026-02-17 19:12:48.686025,pyspark,18,676554,79.90,0.00,79.90,91.40
2026-02-17 19:12:49.302414,pyspark,18,676554,0.00,0.00,0.00,72.80
2026-02-17 19:12:49.933097,pyspark,18,676554,0.00,0.00,0.00,87.60
2026-02-17 19:12:50.556813,pyspark,18,676554,0.00,0.00,0.00,87.90
2026-02-17 19:12:51.183637,pyspark,18,676554,0.00,0.00,0.00,98.40
2026-02-17 19:12:51.814413,pyspark,18,676554,0.00,0.00,0.00,100.00
2026-02-17 19:12:52.430130,pyspark,18,676554,0.00,0.00,0.00,98.00
2026-02-17 19:12:53.049097,pyspark,18,676554,0.00,0.00,0.00,100.00
2026-02-17 19:12:53.704355,pyspark,18,676554,0.00,0.00,0.00,98.50
2026-02-17 19:12:54.327778,pyspark,18,676554,0.00,0.00,0.00,100.00
2026-02-17 19:12:54.941909,pyspark,18,676554,0.00,0.00,0.00,97.10
2026-02-17 19:12:55.574457,pyspark,18,676554,0.00,0.00,0.00,80.10
2026-02-17 19:12:56.202956,pyspark,18,676554,0.00,0.00,0.00,93.20
2026-02-17 19:12:56.822080,pyspark,18,676554,0.00,0.00,0.00,100.00
2026-02-17 19:12:57.442760,pyspark,18,676554,0.00,0.00,0.00,95.50
2026-02-17 19:12:58.066629,pyspark,18,676554,0.00,0.00,0.00,100.00
2026-02-17 19:12:58.696842,pyspark,18,676554,0.00,0.00,0.00,98.80
2026-02-17 19:12:59.324025,pyspark,18,676554,0.00,0.00,0.00,97.60
2026-02-17 19:12:59.946982,pyspark,18,676554,0.00,0.00,0.00,99.60
2026-02-17 19:13:00.573538,pyspark,18,676554,0.00,0.00,0.00,100.00
2026-02-17 19:13:01.183087,pyspark,18,676554,0.00,0.00,0.00,95.50
2026-02-17 19:13:01.683275,pyspark,18,676554,Monitoring Ended,-,-,-
2026-02-17 19:13:01.893695,pyspark,19,677667,287.00,0.00,287.00,83.10
2026-02-17 19:13:02.503859,pyspark,19,677667,0.00,0.00,0.00,60.30
2026-02-17 19:13:03.121050,pyspark,19,677667,0.00,0.00,0.00,82.30
2026-02-17 19:13:03.739520,pyspark,19,677667,0.00,0.00,0.00,77.00
2026-02-17 19:13:04.360026,pyspark,19,677667,10.00,0.00,10.00,89.80
2026-02-17 19:13:04.972100,pyspark,19,677667,0.00,0.00,0.00,97.50
2026-02-17 19:13:05.606465,pyspark,19,677667,0.00,0.00,0.00,88.10
2026-02-17 19:13:06.216913,pyspark,19,677667,0.00,0.00,0.00,80.90
2026-02-17 19:13:06.834759,pyspark,19,677667,0.00,0.00,0.00,57.40
2026-02-17 19:13:07.451161,pyspark,19,677667,0.00,0.00,0.00,87.40
2026-02-17 19:13:08.072853,pyspark,19,677667,0.00,0.00,0.00,98.80
2026-02-17 19:13:08.679313,pyspark,19,677667,0.00,0.00,0.00,75.00
2026-02-17 19:13:09.288265,pyspark,19,677667,0.00,0.00,0.00,58.20
2026-02-17 19:13:09.904753,pyspark,19,677667,30.00,0.00,30.00,79.50
2026-02-17 19:13:10.519031,pyspark,19,677667,0.00,0.00,0.00,66.30
2026-02-17 19:13:11.139546,pyspark,19,677667,0.00,0.00,0.00,74.20
2026-02-17 19:13:11.748691,pyspark,19,677667,0.00,0.00,0.00,76.60
2026-02-17 19:13:12.378874,pyspark,19,677667,0.00,0.00,0.00,92.90
2026-02-17 19:13:13.003579,pyspark,19,677667,0.00,0.00,0.00,96.80
2026-02-17 19:13:13.614746,pyspark,19,677667,0.00,0.00,0.00,92.10
2026-02-17 19:13:14.114931,pyspark,19,677667,Monitoring Ended,-,-,-
2026-02-17 19:13:14.321435,pyspark,20,678383,329.40,0.00,329.40,77.10
2026-02-17 19:13:14.935395,pyspark,20,678383,0.00,0.00,0.00,58.70
2026-02-17 19:13:15.543351,pyspark,20,678383,0.00,0.00,0.00,78.20
2026-02-17 19:13:16.157126,pyspark,20,678383,0.00,0.00,0.00,45.50
2026-02-17 19:13:16.767804,pyspark,20,678383,0.00,0.00,0.00,74.60
2026-02-17 19:13:17.379233,pyspark,20,678383,0.00,0.00,0.00,77.60
2026-02-17 19:13:17.989433,pyspark,20,678383,0.00,0.00,0.00,63.20
2026-02-17 19:13:18.596799,pyspark,20,678383,0.00,0.00,0.00,61.50
2026-02-17 19:13:19.203202,pyspark,20,678383,0.00,0.00,0.00,75.80
2026-02-17 19:13:19.812633,pyspark,20,678383,0.00,0.00,0.00,49.20
2026-02-17 19:13:20.422890,pyspark,20,678383,0.00,0.00,0.00,70.40
2026-02-17 19:13:21.096954,pyspark,20,678383,0.00,0.00,0.00,88.10
2026-02-17 19:13:21.708837,pyspark,20,678383,40.00,0.00,40.00,59.30
2026-02-17 19:13:22.322082,pyspark,20,678383,0.00,0.00,0.00,75.30
2026-02-17 19:13:22.948514,pyspark,20,678383,0.00,0.00,0.00,90.30
2026-02-17 19:13:23.563187,pyspark,20,678383,0.00,0.00,0.00,84.00
2026-02-17 19:13:24.181632,pyspark,20,678383,0.00,0.00,0.00,98.80
2026-02-17 19:13:24.816692,pyspark,20,678383,0.00,0.00,0.00,83.90
2026-02-17 19:13:25.439032,pyspark,20,678383,0.00,0.00,0.00,99.60
2026-02-17 19:13:26.094980,pyspark,20,678383,0.00,0.00,0.00,97.70
2026-02-17 19:13:26.711048,pyspark,20,678383,0.00,0.00,0.00,95.10
2026-02-17 19:13:27.211371,pyspark,20,678383,Process Not Found,-,-,-
2026-02-17 19:13:27.211423,pyspark,20,678383,Monitoring Ended,-,-,-
2026-02-17 19:13:27.709069,pyspark,21,679271,329.60,0.00,329.60,47.30
2026-02-17 19:13:28.319226,pyspark,21,679271,0.00,0.00,0.00,60.20
2026-02-17 19:13:28.928924,pyspark,21,679271,0.00,0.00,0.00,77.20
2026-02-17 19:13:29.543224,pyspark,21,679271,9.90,0.00,9.90,75.60
2026-02-17 19:13:30.158486,pyspark,21,679271,0.00,0.00,0.00,95.10
2026-02-17 19:13:30.770099,pyspark,21,679271,0.00,0.00,0.00,68.00
2026-02-17 19:13:31.380881,pyspark,21,679271,0.00,0.00,0.00,68.00
2026-02-17 19:13:31.991510,pyspark,21,679271,0.00,0.00,0.00,66.00
2026-02-17 19:13:32.609626,pyspark,21,679271,0.00,0.00,0.00,83.40
2026-02-17 19:13:33.221683,pyspark,21,679271,0.00,0.00,0.00,65.60
2026-02-17 19:13:33.834566,pyspark,21,679271,0.00,0.00,0.00,57.90
2026-02-17 19:13:34.458422,pyspark,21,679271,0.00,0.00,0.00,88.20
2026-02-17 19:13:35.068314,pyspark,21,679271,0.00,0.00,0.00,65.30
2026-02-17 19:13:35.698598,pyspark,21,679271,0.00,0.00,0.00,77.50
2026-02-17 19:13:36.322043,pyspark,21,679271,0.00,0.00,0.00,98.00
2026-02-17 19:13:36.945845,pyspark,21,679271,0.00,0.00,0.00,97.20
2026-02-17 19:13:37.579738,pyspark,21,679271,0.00,0.00,0.00,98.80
2026-02-17 19:13:38.205288,pyspark,21,679271,0.00,0.00,0.00,96.40
2026-02-17 19:13:38.870985,pyspark,21,679271,0.00,0.00,0.00,99.20
2026-02-17 19:13:39.508196,pyspark,21,679271,0.00,0.00,0.00,99.20
2026-02-17 19:13:40.137681,pyspark,21,679271,0.00,0.00,0.00,100.00
2026-02-17 19:13:40.759818,pyspark,21,679271,0.00,0.00,0.00,99.60
2026-02-17 19:13:41.384510,pyspark,21,679271,0.00,0.00,0.00,99.20
2026-02-17 19:13:42.019890,pyspark,21,679271,0.00,0.00,0.00,99.20
2026-02-17 19:13:42.634138,pyspark,21,679271,0.00,0.00,0.00,91.00
2026-02-17 19:13:43.244230,pyspark,21,679271,0.00,0.00,0.00,94.20
2026-02-17 19:13:43.861017,pyspark,21,679271,0.00,0.00,0.00,97.60
2026-02-17 19:13:44.483779,pyspark,21,679271,0.00,0.00,0.00,100.00
2026-02-17 19:13:45.117771,pyspark,21,679271,0.00,0.00,0.00,100.00
2026-02-17 19:13:45.738576,pyspark,21,679271,0.00,0.00,0.00,99.20
2026-02-17 19:13:46.392635,pyspark,21,679271,0.00,0.00,0.00,99.20
2026-02-17 19:13:47.018906,pyspark,21,679271,0.00,0.00,0.00,100.00
2026-02-17 19:13:47.642793,pyspark,21,679271,0.00,0.00,0.00,94.00
2026-02-17 19:13:48.291202,pyspark,21,679271,66.20,0.00,66.20,96.50
2026-02-17 19:13:48.791529,pyspark,21,679271,Monitoring Ended,-,-,-
2026-02-17 19:13:49.014604,pyspark,22,680449,136.90,0.00,136.90,82.30
2026-02-17 19:13:49.625765,pyspark,22,680449,0.00,0.00,0.00,85.60
2026-02-17 19:13:50.243515,pyspark,22,680449,0.00,0.00,0.00,91.80
2026-02-17 19:13:50.873236,pyspark,22,680449,0.00,0.00,0.00,92.00
2026-02-17 19:13:51.490076,pyspark,22,680449,0.00,0.00,0.00,88.60
2026-02-17 19:13:52.119903,pyspark,22,680449,0.00,0.00,0.00,91.30
2026-02-17 19:13:52.739715,pyspark,22,680449,0.00,0.00,0.00,96.70
2026-02-17 19:13:53.363976,pyspark,22,680449,0.00,0.00,0.00,87.30
2026-02-17 19:13:53.977802,pyspark,22,680449,0.00,0.00,0.00,92.20
2026-02-17 19:13:54.618427,pyspark,22,680449,0.00,0.00,0.00,96.10
2026-02-17 19:13:55.238546,pyspark,22,680449,0.00,0.00,0.00,98.00
2026-02-17 19:13:55.855379,pyspark,22,680449,0.00,0.00,0.00,93.40
2026-02-17 19:13:56.478601,pyspark,22,680449,0.00,0.00,0.00,99.20
2026-02-17 19:13:57.119511,pyspark,22,680449,0.00,0.00,0.00,97.30
2026-02-17 19:13:57.740389,pyspark,22,680449,0.00,0.00,0.00,86.10
2026-02-17 19:13:58.382451,pyspark,22,680449,0.00,0.00,0.00,90.90
2026-02-17 19:13:59.026964,pyspark,22,680449,0.00,0.00,0.00,98.80
2026-02-17 19:13:59.652489,pyspark,22,680449,0.00,0.00,0.00,97.20
2026-02-17 19:14:00.305843,pyspark,22,680449,0.00,0.00,0.00,99.20
2026-02-17 19:14:00.931511,pyspark,22,680449,0.00,0.00,0.00,99.20
2026-02-17 19:14:01.586309,pyspark,22,680449,29.70,0.00,29.70,99.20
2026-02-17 19:14:02.209453,pyspark,22,680449,99.50,0.00,99.50,95.90
2026-02-17 19:14:02.844631,pyspark,22,680449,0.00,0.00,0.00,99.20
2026-02-17 19:14:03.477561,pyspark,22,680449,0.00,0.00,0.00,97.60
2026-02-17 19:14:04.106378,pyspark,22,680449,0.00,0.00,0.00,94.00
2026-02-17 19:14:04.744786,pyspark,22,680449,0.00,0.00,0.00,94.90
2026-02-17 19:14:05.358570,pyspark,22,680449,0.00,0.00,0.00,97.10
2026-02-17 19:14:05.968629,pyspark,22,680449,0.00,0.00,0.00,88.00
2026-02-17 19:14:06.603893,pyspark,22,680449,0.00,0.00,0.00,92.90
2026-02-17 19:14:07.230898,pyspark,22,680449,0.00,0.00,0.00,96.80
2026-02-17 19:14:07.908015,pyspark,22,680449,0.00,0.00,0.00,98.10
2026-02-17 19:14:08.552412,pyspark,22,680449,0.00,0.00,0.00,99.60
2026-02-17 19:14:09.194869,pyspark,22,680449,0.00,0.00,0.00,99.60
2026-02-17 19:14:09.850809,pyspark,22,680449,49.20,0.00,49.20,98.90
2026-02-17 19:14:10.352745,pyspark,22,680449,Monitoring Ended,-,-,-
