Timestamp,Library,Query,PID,Process_Memory_MB,Children_Memory_MB,Total_Memory_MB
2026-02-17 19:08:44.393423,pyspark,1,662481,2.52,0.00,2.52
2026-02-17 19:08:44.899951,pyspark,1,662481,56.04,48.85,104.89
2026-02-17 19:08:45.404876,pyspark,1,662481,56.04,85.47,141.52
2026-02-17 19:08:45.912299,pyspark,1,662481,56.04,129.74,185.79
2026-02-17 19:08:46.423325,pyspark,1,662481,56.04,166.42,222.46
2026-02-17 19:08:46.930253,pyspark,1,662481,56.07,198.57,254.64
2026-02-17 19:08:47.435137,pyspark,1,662481,56.07,206.30,262.37
2026-02-17 19:08:47.939484,pyspark,1,662481,56.22,275.02,331.24
2026-02-17 19:08:48.447890,pyspark,1,662481,56.22,350.46,406.68
2026-02-17 19:08:49.002142,pyspark,1,662481,56.22,367.96,424.18
2026-02-17 19:08:49.510167,pyspark,1,662481,56.22,430.40,486.62
2026-02-17 19:08:50.015436,pyspark,1,662481,56.22,446.16,502.38
2026-02-17 19:08:50.526667,pyspark,1,662481,56.22,490.89,547.11
2026-02-17 19:08:51.033487,pyspark,1,662481,108.11,497.31,605.42
2026-02-17 19:08:51.550671,pyspark,1,662481,117.41,505.88,623.28
2026-02-17 19:08:52.058512,pyspark,1,662481,117.41,519.91,637.31
2026-02-17 19:08:52.567947,pyspark,1,662481,117.41,719.48,836.89
2026-02-17 19:08:53.083095,pyspark,1,662481,117.41,785.73,903.13
2026-02-17 19:08:53.601261,pyspark,1,662481,117.41,978.98,1096.39
2026-02-17 19:08:54.159126,pyspark,1,662481,117.41,1262.92,1380.33
2026-02-17 19:08:54.671303,pyspark,1,662481,117.41,1273.76,1391.16
2026-02-17 19:08:55.182518,pyspark,1,662481,117.41,1276.99,1394.40
2026-02-17 19:08:55.697807,pyspark,1,662481,119.04,1280.08,1399.12
2026-02-17 19:08:56.198078,pyspark,1,662481,Monitoring Ended,-,-
2026-02-17 19:08:56.207051,pyspark,2,663139,1.03,0.00,1.03
2026-02-17 19:08:56.716208,pyspark,2,663139,56.20,55.28,111.47
2026-02-17 19:08:57.231648,pyspark,2,663139,56.20,120.48,176.68
2026-02-17 19:08:57.740265,pyspark,2,663139,56.20,158.46,214.66
2026-02-17 19:08:58.254636,pyspark,2,663139,56.22,179.57,235.79
2026-02-17 19:08:58.764780,pyspark,2,663139,56.22,217.14,273.36
2026-02-17 19:08:59.278683,pyspark,2,663139,56.36,238.90,295.26
2026-02-17 19:08:59.787729,pyspark,2,663139,56.36,294.42,350.78
2026-02-17 19:09:00.310744,pyspark,2,663139,56.36,356.60,412.96
2026-02-17 19:09:00.822395,pyspark,2,663139,56.36,373.24,429.60
2026-02-17 19:09:01.344416,pyspark,2,663139,56.36,386.40,442.77
2026-02-17 19:09:01.855536,pyspark,2,663139,56.36,399.35,455.71
2026-02-17 19:09:02.367455,pyspark,2,663139,56.36,440.80,497.16
2026-02-17 19:09:02.880247,pyspark,2,663139,56.37,465.75,522.12
2026-02-17 19:09:03.389806,pyspark,2,663139,111.72,464.54,576.26
2026-02-17 19:09:03.899923,pyspark,2,663139,118.18,473.16,591.34
2026-02-17 19:09:04.416695,pyspark,2,663139,118.18,485.06,603.24
2026-02-17 19:09:04.934001,pyspark,2,663139,118.18,493.48,611.66
2026-02-17 19:09:05.468082,pyspark,2,663139,118.18,515.77,633.95
2026-02-17 19:09:05.991752,pyspark,2,663139,118.18,580.99,699.17
2026-02-17 19:09:06.531695,pyspark,2,663139,118.18,744.27,862.45
2026-02-17 19:09:07.053125,pyspark,2,663139,118.18,895.70,1013.88
2026-02-17 19:09:07.567995,pyspark,2,663139,118.18,1059.90,1178.08
2026-02-17 19:09:08.083343,pyspark,2,663139,118.18,1087.11,1205.29
2026-02-17 19:09:08.583670,pyspark,2,663139,Monitoring Ended,-,-
2026-02-17 19:09:08.608746,pyspark,3,663890,1.09,0.00,1.09
2026-02-17 19:09:09.118178,pyspark,3,663890,56.34,47.86,104.19
2026-02-17 19:09:09.639664,pyspark,3,663890,56.34,121.28,177.61
2026-02-17 19:09:10.145956,pyspark,3,663890,56.34,155.82,212.16
2026-02-17 19:09:10.651694,pyspark,3,663890,56.36,173.55,229.91
2026-02-17 19:09:11.163164,pyspark,3,663890,56.36,211.15,267.50
2026-02-17 19:09:11.679725,pyspark,3,663890,56.36,226.05,282.41
2026-02-17 19:09:12.187979,pyspark,3,663890,56.50,290.07,346.57
2026-02-17 19:09:12.697386,pyspark,3,663890,56.50,353.93,410.44
2026-02-17 19:09:13.220857,pyspark,3,663890,56.50,374.08,430.59
2026-02-17 19:09:13.741806,pyspark,3,663890,56.50,440.09,496.59
2026-02-17 19:09:14.253919,pyspark,3,663890,56.50,452.84,509.34
2026-02-17 19:09:14.762534,pyspark,3,663890,56.50,489.19,545.69
2026-02-17 19:09:15.281838,pyspark,3,663890,77.50,502.73,580.23
2026-02-17 19:09:15.789183,pyspark,3,663890,118.10,510.98,629.08
2026-02-17 19:09:16.308481,pyspark,3,663890,118.10,525.86,643.96
2026-02-17 19:09:16.841526,pyspark,3,663890,118.10,542.61,660.70
2026-02-17 19:09:17.378883,pyspark,3,663890,118.10,546.44,664.54
2026-02-17 19:09:17.910346,pyspark,3,663890,118.10,578.88,696.97
2026-02-17 19:09:18.428741,pyspark,3,663890,118.10,684.94,803.04
2026-02-17 19:09:18.953747,pyspark,3,663890,118.10,849.89,967.99
2026-02-17 19:09:19.480675,pyspark,3,663890,118.10,856.28,974.38
2026-02-17 19:09:20.013320,pyspark,3,663890,118.10,868.56,986.66
2026-02-17 19:09:20.523544,pyspark,3,663890,118.10,882.04,1000.14
2026-02-17 19:09:21.060693,pyspark,3,663890,118.10,889.34,1007.44
2026-02-17 19:09:21.601496,pyspark,3,663890,118.10,991.02,1109.12
2026-02-17 19:09:22.101655,pyspark,3,663890,Monitoring Ended,-,-
2026-02-17 19:09:22.259688,pyspark,4,664720,0.96,0.00,0.96
2026-02-17 19:09:22.767685,pyspark,4,664720,56.32,56.46,112.79
2026-02-17 19:09:23.279550,pyspark,4,664720,56.32,122.30,178.62
2026-02-17 19:09:23.792178,pyspark,4,664720,56.32,159.35,215.67
2026-02-17 19:09:24.317107,pyspark,4,664720,56.34,176.82,233.16
2026-02-17 19:09:24.826142,pyspark,4,664720,56.34,224.71,281.05
2026-02-17 19:09:25.334527,pyspark,4,664720,56.35,227.67,284.02
2026-02-17 19:09:25.848061,pyspark,4,664720,56.49,274.22,330.71
2026-02-17 19:09:26.357840,pyspark,4,664720,56.49,324.83,381.32
2026-02-17 19:09:26.867435,pyspark,4,664720,56.49,362.66,419.15
2026-02-17 19:09:27.380301,pyspark,4,664720,56.49,374.55,431.05
2026-02-17 19:09:27.886548,pyspark,4,664720,56.49,388.11,444.61
2026-02-17 19:09:28.394665,pyspark,4,664720,56.49,428.99,485.48
2026-02-17 19:09:28.904889,pyspark,4,664720,57.10,468.38,525.48
2026-02-17 19:09:29.416777,pyspark,4,664720,118.27,491.06,609.32
2026-02-17 19:09:29.933598,pyspark,4,664720,118.27,541.62,659.89
2026-02-17 19:09:30.442667,pyspark,4,664720,118.27,553.61,671.88
2026-02-17 19:09:30.956616,pyspark,4,664720,118.27,586.48,704.74
2026-02-17 19:09:31.493805,pyspark,4,664720,118.27,614.61,732.87
2026-02-17 19:09:32.017184,pyspark,4,664720,118.27,752.70,870.96
2026-02-17 19:09:32.550439,pyspark,4,664720,118.27,917.14,1035.41
2026-02-17 19:09:33.075234,pyspark,4,664720,118.27,1009.27,1127.54
2026-02-17 19:09:33.594115,pyspark,4,664720,118.27,1427.35,1545.61
2026-02-17 19:09:34.196189,pyspark,4,664720,118.27,1851.53,1969.80
2026-02-17 19:09:34.722725,pyspark,4,664720,118.27,1991.77,2110.03
2026-02-17 19:09:35.234832,pyspark,4,664720,118.27,1993.83,2112.10
2026-02-17 19:09:35.735206,pyspark,4,664720,Monitoring Ended,-,-
2026-02-17 19:09:35.972969,pyspark,5,665470,0.68,0.00,0.68
2026-02-17 19:09:36.480373,pyspark,5,665470,56.31,17.81,74.12
2026-02-17 19:09:36.990786,pyspark,5,665470,56.31,113.86,170.17
2026-02-17 19:09:37.518654,pyspark,5,665470,56.31,127.32,183.64
2026-02-17 19:09:38.037120,pyspark,5,665470,56.31,159.64,215.96
2026-02-17 19:09:38.549798,pyspark,5,665470,56.33,175.43,231.77
2026-02-17 19:09:39.061695,pyspark,5,665470,56.33,222.93,279.26
2026-02-17 19:09:39.572174,pyspark,5,665470,56.34,214.80,271.14
2026-02-17 19:09:40.078620,pyspark,5,665470,56.48,267.16,323.64
2026-02-17 19:09:40.586691,pyspark,5,665470,56.48,326.76,383.24
2026-02-17 19:09:41.097248,pyspark,5,665470,56.48,366.81,423.29
2026-02-17 19:09:41.606367,pyspark,5,665470,56.48,380.05,436.54
2026-02-17 19:09:42.114995,pyspark,5,665470,56.48,393.19,449.67
2026-02-17 19:09:42.620862,pyspark,5,665470,56.48,436.14,492.62
2026-02-17 19:09:43.132872,pyspark,5,665470,56.48,442.91,499.39
2026-02-17 19:09:43.652041,pyspark,5,665470,56.48,460.13,516.61
2026-02-17 19:09:44.169108,pyspark,5,665470,118.08,468.03,586.11
2026-02-17 19:09:44.682773,pyspark,5,665470,118.08,478.66,596.74
2026-02-17 19:09:45.197870,pyspark,5,665470,118.08,538.61,656.69
2026-02-17 19:09:45.730574,pyspark,5,665470,118.08,546.14,664.22
2026-02-17 19:09:46.275140,pyspark,5,665470,118.08,583.11,701.19
2026-02-17 19:09:46.802810,pyspark,5,665470,118.08,669.69,787.77
2026-02-17 19:09:47.338978,pyspark,5,665470,118.08,797.30,915.38
2026-02-17 19:09:47.853897,pyspark,5,665470,118.08,835.29,953.38
2026-02-17 19:09:48.383378,pyspark,5,665470,118.08,842.25,960.34
2026-02-17 19:09:48.900272,pyspark,5,665470,118.08,860.87,978.95
2026-02-17 19:09:49.423765,pyspark,5,665470,118.08,1007.30,1125.39
2026-02-17 19:09:49.937602,pyspark,5,665470,118.08,1030.18,1148.26
2026-02-17 19:09:50.480762,pyspark,5,665470,118.08,1038.88,1156.96
2026-02-17 19:09:51.001485,pyspark,5,665470,118.08,1047.83,1165.91
2026-02-17 19:09:51.517205,pyspark,5,665470,118.08,1057.35,1175.43
2026-02-17 19:09:52.034406,pyspark,5,665470,118.08,1125.45,1243.53
2026-02-17 19:09:52.534587,pyspark,5,665470,Monitoring Ended,-,-
2026-02-17 19:09:52.543768,pyspark,6,666510,1.34,0.00,1.34
2026-02-17 19:09:53.057667,pyspark,6,666510,56.29,51.45,107.74
2026-02-17 19:09:53.575779,pyspark,6,666510,56.29,87.51,143.80
2026-02-17 19:09:54.087877,pyspark,6,666510,56.29,122.44,178.73
2026-02-17 19:09:54.594314,pyspark,6,666510,56.29,155.41,211.70
2026-02-17 19:09:55.101763,pyspark,6,666510,56.31,172.40,228.71
2026-02-17 19:09:55.610630,pyspark,6,666510,56.31,202.72,259.03
2026-02-17 19:09:56.122310,pyspark,6,666510,56.31,205.86,262.17
2026-02-17 19:09:56.632600,pyspark,6,666510,56.46,262.10,318.55
2026-02-17 19:09:57.139029,pyspark,6,666510,56.46,309.50,365.96
2026-02-17 19:09:57.658547,pyspark,6,666510,56.46,365.16,421.62
2026-02-17 19:09:58.166990,pyspark,6,666510,56.46,377.37,433.83
2026-02-17 19:09:58.674484,pyspark,6,666510,56.46,391.82,448.28
2026-02-17 19:09:59.180272,pyspark,6,666510,56.46,405.27,461.72
2026-02-17 19:09:59.692234,pyspark,6,666510,59.18,444.08,503.26
2026-02-17 19:10:00.199133,pyspark,6,666510,118.10,454.25,572.35
2026-02-17 19:10:00.722394,pyspark,6,666510,118.10,501.90,620.00
2026-02-17 19:10:01.237772,pyspark,6,666510,118.10,513.82,631.92
2026-02-17 19:10:01.760987,pyspark,6,666510,118.10,543.58,661.68
2026-02-17 19:10:02.274922,pyspark,6,666510,118.10,688.20,806.30
2026-02-17 19:10:02.775110,pyspark,6,666510,Monitoring Ended,-,-
2026-02-17 19:10:03.111306,pyspark,7,667168,4.31,0.00,4.31
2026-02-17 19:10:03.618893,pyspark,7,667168,56.32,5.95,62.27
2026-02-17 19:10:04.137751,pyspark,7,667168,56.32,115.22,171.54
2026-02-17 19:10:04.648527,pyspark,7,667168,56.32,128.42,184.73
2026-02-17 19:10:05.158798,pyspark,7,667168,56.32,162.75,219.07
2026-02-17 19:10:05.665412,pyspark,7,667168,56.34,176.77,233.11
2026-02-17 19:10:06.174915,pyspark,7,667168,56.34,218.29,274.62
2026-02-17 19:10:06.685889,pyspark,7,667168,56.34,234.85,291.19
2026-02-17 19:10:07.203941,pyspark,7,667168,56.48,287.24,343.72
2026-02-17 19:10:07.715933,pyspark,7,667168,56.48,351.32,407.80
2026-02-17 19:10:08.242425,pyspark,7,667168,56.48,376.34,432.82
2026-02-17 19:10:08.748411,pyspark,7,667168,56.48,437.43,493.91
2026-02-17 19:10:09.257137,pyspark,7,667168,56.48,447.43,503.91
2026-02-17 19:10:09.772702,pyspark,7,667168,56.48,459.23,515.72
2026-02-17 19:10:10.292955,pyspark,7,667168,56.48,490.11,546.59
2026-02-17 19:10:10.813152,pyspark,7,667168,56.49,496.62,553.11
2026-02-17 19:10:11.323395,pyspark,7,667168,57.05,520.21,577.26
2026-02-17 19:10:11.832942,pyspark,7,667168,118.16,522.73,640.89
2026-02-17 19:10:12.355926,pyspark,7,667168,118.16,533.07,651.23
2026-02-17 19:10:12.877155,pyspark,7,667168,118.16,539.89,658.05
2026-02-17 19:10:13.383429,pyspark,7,667168,118.16,552.04,670.20
2026-02-17 19:10:13.913198,pyspark,7,667168,118.16,549.01,667.17
2026-02-17 19:10:14.447401,pyspark,7,667168,118.16,648.90,767.06
2026-02-17 19:10:14.960289,pyspark,7,667168,118.16,677.88,796.04
2026-02-17 19:10:15.469830,pyspark,7,667168,118.16,806.08,924.24
2026-02-17 19:10:15.991951,pyspark,7,667168,118.16,872.43,990.59
2026-02-17 19:10:16.530334,pyspark,7,667168,118.16,1178.34,1296.50
2026-02-17 19:10:17.089554,pyspark,7,667168,118.16,1238.20,1356.36
2026-02-17 19:10:17.613994,pyspark,7,667168,118.16,1391.88,1510.04
2026-02-17 19:10:18.147796,pyspark,7,667168,118.16,1536.98,1655.14
2026-02-17 19:10:18.663582,pyspark,7,667168,119.31,1541.68,1660.99
2026-02-17 19:10:19.163910,pyspark,7,667168,Monitoring Ended,-,-
2026-02-17 19:10:19.173167,pyspark,8,668111,0.71,0.00,0.71
2026-02-17 19:10:19.681691,pyspark,8,668111,56.30,46.86,103.16
2026-02-17 19:10:20.195610,pyspark,8,668111,56.30,120.16,176.46
2026-02-17 19:10:20.712854,pyspark,8,668111,56.30,158.38,214.67
2026-02-17 19:10:21.218542,pyspark,8,668111,56.32,173.47,229.79
2026-02-17 19:10:21.726412,pyspark,8,668111,56.32,206.32,262.64
2026-02-17 19:10:22.233486,pyspark,8,668111,56.32,216.23,272.55
2026-02-17 19:10:22.746048,pyspark,8,668111,56.46,275.41,331.87
2026-02-17 19:10:23.254982,pyspark,8,668111,56.46,349.92,406.39
2026-02-17 19:10:23.790635,pyspark,8,668111,56.46,369.75,426.21
2026-02-17 19:10:24.301952,pyspark,8,668111,56.46,380.79,437.25
2026-02-17 19:10:24.812238,pyspark,8,668111,56.46,384.28,440.74
2026-02-17 19:10:25.326141,pyspark,8,668111,56.46,393.34,449.80
2026-02-17 19:10:25.839488,pyspark,8,668111,56.46,432.40,488.86
2026-02-17 19:10:26.348766,pyspark,8,668111,56.46,447.45,503.91
2026-02-17 19:10:26.859720,pyspark,8,668111,56.47,461.20,517.68
2026-02-17 19:10:27.367821,pyspark,8,668111,98.57,473.54,572.11
2026-02-17 19:10:27.881578,pyspark,8,668111,118.14,485.78,603.91
2026-02-17 19:10:28.406101,pyspark,8,668111,118.14,526.45,644.59
2026-02-17 19:10:28.950436,pyspark,8,668111,118.14,540.34,658.48
2026-02-17 19:10:29.591045,pyspark,8,668111,118.14,571.91,690.05
2026-02-17 19:10:30.159452,pyspark,8,668111,118.14,579.07,697.21
2026-02-17 19:10:30.826922,pyspark,8,668111,118.14,584.45,702.59
2026-02-17 19:10:31.341697,pyspark,8,668111,118.14,645.35,763.48
2026-02-17 19:10:31.854683,pyspark,8,668111,118.14,683.71,801.85
2026-02-17 19:10:32.362660,pyspark,8,668111,118.14,730.83,848.97
2026-02-17 19:10:32.911905,pyspark,8,668111,118.14,965.09,1083.23
2026-02-17 19:10:33.434982,pyspark,8,668111,118.14,1075.58,1193.72
2026-02-17 19:10:33.983719,pyspark,8,668111,118.14,1152.25,1270.38
2026-02-17 19:10:34.518419,pyspark,8,668111,118.14,1509.90,1628.04
2026-02-17 19:10:35.058742,pyspark,8,668111,118.14,1598.93,1717.07
2026-02-17 19:10:35.587883,pyspark,8,668111,118.14,1642.22,1760.36
2026-02-17 19:10:36.107299,pyspark,8,668111,119.27,1643.43,1762.69
2026-02-17 19:10:36.607633,pyspark,8,668111,Monitoring Ended,-,-
2026-02-17 19:10:36.617738,pyspark,9,669216,0.71,0.00,0.71
2026-02-17 19:10:37.125128,pyspark,9,669216,56.20,42.34,98.54
2026-02-17 19:10:37.636843,pyspark,9,669216,56.20,118.47,174.67
2026-02-17 19:10:38.155149,pyspark,9,669216,56.20,127.00,183.20
2026-02-17 19:10:38.662078,pyspark,9,669216,56.20,161.04,217.23
2026-02-17 19:10:39.179756,pyspark,9,669216,56.22,186.21,242.43
2026-02-17 19:10:39.702690,pyspark,9,669216,56.22,218.68,274.90
2026-02-17 19:10:40.227274,pyspark,9,669216,56.22,231.34,287.56
2026-02-17 19:10:40.739853,pyspark,9,669216,56.37,275.63,332.00
2026-02-17 19:10:41.250438,pyspark,9,669216,56.37,346.62,402.98
2026-02-17 19:10:41.761511,pyspark,9,669216,56.37,367.44,423.80
2026-02-17 19:10:42.268747,pyspark,9,669216,56.37,380.93,437.30
2026-02-17 19:10:42.778320,pyspark,9,669216,56.37,395.10,451.47
2026-02-17 19:10:43.286764,pyspark,9,669216,56.37,431.82,488.19
2026-02-17 19:10:43.799210,pyspark,9,669216,56.37,442.12,498.49
2026-02-17 19:10:44.308944,pyspark,9,669216,70.73,468.93,539.66
2026-02-17 19:10:44.830489,pyspark,9,669216,118.12,496.81,614.94
2026-02-17 19:10:45.344172,pyspark,9,669216,118.12,539.27,657.39
2026-02-17 19:10:45.866238,pyspark,9,669216,118.12,550.82,668.94
2026-02-17 19:10:46.387063,pyspark,9,669216,118.12,561.43,679.55
2026-02-17 19:10:46.914043,pyspark,9,669216,118.12,609.36,727.49
2026-02-17 19:10:47.449047,pyspark,9,669216,118.12,706.40,824.52
2026-02-17 19:10:47.975242,pyspark,9,669216,118.12,744.94,863.06
2026-02-17 19:10:48.514613,pyspark,9,669216,118.12,855.80,973.93
2026-02-17 19:10:49.037568,pyspark,9,669216,118.12,1174.87,1292.99
2026-02-17 19:10:49.556537,pyspark,9,669216,118.12,1203.11,1321.23
2026-02-17 19:10:50.090857,pyspark,9,669216,118.12,1220.61,1338.74
2026-02-17 19:10:50.617050,pyspark,9,669216,118.12,1339.64,1457.77
2026-02-17 19:10:51.156532,pyspark,9,669216,118.12,1607.10,1725.22
2026-02-17 19:10:51.674808,pyspark,9,669216,118.12,1628.05,1746.18
2026-02-17 19:10:52.206808,pyspark,9,669216,118.12,1687.25,1805.37
2026-02-17 19:10:52.716816,pyspark,9,669216,118.12,1802.26,1920.38
2026-02-17 19:10:53.217134,pyspark,9,669216,Monitoring Ended,-,-
2026-02-17 19:10:53.560564,pyspark,10,670196,0.02,0.00,0.02
2026-02-17 19:10:54.070710,pyspark,10,670196,56.33,39.52,95.86
2026-02-17 19:10:54.579320,pyspark,10,670196,56.33,120.07,176.40
2026-02-17 19:10:55.088347,pyspark,10,670196,56.33,155.43,211.76
2026-02-17 19:10:55.594086,pyspark,10,670196,56.35,172.40,228.75
2026-02-17 19:10:56.104919,pyspark,10,670196,56.35,202.38,258.73
2026-02-17 19:10:56.613151,pyspark,10,670196,56.36,240.63,296.99
2026-02-17 19:10:57.122468,pyspark,10,670196,56.50,280.41,336.91
2026-02-17 19:10:57.633346,pyspark,10,670196,56.50,331.92,388.41
2026-02-17 19:10:58.142474,pyspark,10,670196,56.50,391.05,447.55
2026-02-17 19:10:58.651574,pyspark,10,670196,56.50,422.56,479.05
2026-02-17 19:10:59.157187,pyspark,10,670196,56.50,458.36,514.86
2026-02-17 19:10:59.665792,pyspark,10,670196,56.50,471.25,527.75
2026-02-17 19:11:00.184658,pyspark,10,670196,56.50,483.23,539.73
2026-02-17 19:11:00.696566,pyspark,10,670196,66.09,500.03,566.12
2026-02-17 19:11:01.206955,pyspark,10,670196,118.27,504.83,623.10
2026-02-17 19:11:01.724719,pyspark,10,670196,118.27,512.37,630.64
2026-02-17 19:11:02.260018,pyspark,10,670196,118.27,519.52,637.80
2026-02-17 19:11:02.797190,pyspark,10,670196,118.27,531.96,650.23
2026-02-17 19:11:03.319001,pyspark,10,670196,118.27,538.93,657.20
2026-02-17 19:11:03.876944,pyspark,10,670196,118.27,581.26,699.53
2026-02-17 19:11:04.405425,pyspark,10,670196,118.27,698.08,816.35
2026-02-17 19:11:04.935636,pyspark,10,670196,118.27,725.63,843.91
2026-02-17 19:11:05.488004,pyspark,10,670196,118.27,899.11,1017.39
2026-02-17 19:11:06.004711,pyspark,10,670196,118.27,940.77,1059.04
2026-02-17 19:11:06.518925,pyspark,10,670196,118.27,936.20,1054.47
2026-02-17 19:11:07.050269,pyspark,10,670196,118.27,965.10,1083.38
2026-02-17 19:11:07.570819,pyspark,10,670196,118.27,967.86,1086.14
2026-02-17 19:11:08.100644,pyspark,10,670196,118.27,970.32,1088.60
2026-02-17 19:11:08.634001,pyspark,10,670196,118.27,1557.29,1675.56
2026-02-17 19:11:09.157255,pyspark,10,670196,118.27,1741.96,1860.23
2026-02-17 19:11:09.749142,pyspark,10,670196,118.27,2064.11,2182.38
2026-02-17 19:11:10.262127,pyspark,10,670196,118.27,2136.08,2254.36
2026-02-17 19:11:10.781700,pyspark,10,670196,118.27,2144.21,2262.48
2026-02-17 19:11:11.291891,pyspark,10,670196,125.64,2148.07,2273.71
2026-02-17 19:11:11.792197,pyspark,10,670196,Monitoring Ended,-,-
2026-02-17 19:11:11.801951,pyspark,11,671228,0.82,0.00,0.82
2026-02-17 19:11:12.308349,pyspark,11,671228,56.36,55.77,112.14
2026-02-17 19:11:12.840500,pyspark,11,671228,56.36,93.33,149.69
2026-02-17 19:11:13.355227,pyspark,11,671228,56.36,125.89,182.25
2026-02-17 19:11:13.862938,pyspark,11,671228,56.36,158.72,215.08
2026-02-17 19:11:14.377344,pyspark,11,671228,56.38,175.78,232.16
2026-02-17 19:11:14.890957,pyspark,11,671228,56.38,228.78,285.16
2026-02-17 19:11:15.401293,pyspark,11,671228,56.39,231.12,287.51
2026-02-17 19:11:15.911959,pyspark,11,671228,56.53,280.27,336.80
2026-02-17 19:11:16.421109,pyspark,11,671228,56.53,347.78,404.30
2026-02-17 19:11:16.934826,pyspark,11,671228,56.53,380.83,437.36
2026-02-17 19:11:17.441379,pyspark,11,671228,56.53,397.23,453.76
2026-02-17 19:11:17.950806,pyspark,11,671228,56.53,408.97,465.50
2026-02-17 19:11:18.463857,pyspark,11,671228,56.53,426.45,482.98
2026-02-17 19:11:18.982598,pyspark,11,671228,56.53,458.61,515.13
2026-02-17 19:11:19.512809,pyspark,11,671228,56.53,478.33,534.86
2026-02-17 19:11:20.029514,pyspark,11,671228,118.15,482.77,600.92
2026-02-17 19:11:20.547621,pyspark,11,671228,118.15,496.56,614.71
2026-02-17 19:11:21.065315,pyspark,11,671228,118.15,504.13,622.28
2026-02-17 19:11:21.584492,pyspark,11,671228,118.15,514.00,632.15
2026-02-17 19:11:22.100959,pyspark,11,671228,118.15,588.48,706.63
2026-02-17 19:11:22.623654,pyspark,11,671228,118.15,770.52,888.67
2026-02-17 19:11:23.144477,pyspark,11,671228,118.15,846.72,964.87
2026-02-17 19:11:23.660914,pyspark,11,671228,118.15,900.91,1019.06
2026-02-17 19:11:24.171283,pyspark,11,671228,118.15,946.66,1064.81
2026-02-17 19:11:24.671443,pyspark,11,671228,Monitoring Ended,-,-
2026-02-17 19:11:24.805601,pyspark,12,672066,0.83,0.00,0.83
2026-02-17 19:11:25.316408,pyspark,12,672066,56.32,32.74,89.06
2026-02-17 19:11:25.826131,pyspark,12,672066,56.32,116.77,173.09
2026-02-17 19:11:26.332996,pyspark,12,672066,56.32,131.33,187.64
2026-02-17 19:11:26.855006,pyspark,12,672066,56.32,165.53,221.84
2026-02-17 19:11:27.370807,pyspark,12,672066,56.34,194.45,250.79
2026-02-17 19:11:27.880443,pyspark,12,672066,56.34,215.30,271.64
2026-02-17 19:11:28.395072,pyspark,12,672066,56.48,260.57,317.06
2026-02-17 19:11:28.909228,pyspark,12,672066,56.48,287.02,343.51
2026-02-17 19:11:29.434254,pyspark,12,672066,56.48,343.15,399.63
2026-02-17 19:11:29.952855,pyspark,12,672066,56.48,404.05,460.53
2026-02-17 19:11:30.460009,pyspark,12,672066,56.48,451.98,508.46
2026-02-17 19:11:30.969479,pyspark,12,672066,56.48,465.60,522.08
2026-02-17 19:11:31.500269,pyspark,12,672066,56.48,478.92,535.41
2026-02-17 19:11:32.006298,pyspark,12,672066,91.44,502.89,594.32
2026-02-17 19:11:32.518432,pyspark,12,672066,118.05,511.99,630.04
2026-02-17 19:11:33.050762,pyspark,12,672066,118.05,524.28,642.33
2026-02-17 19:11:33.559379,pyspark,12,672066,118.05,544.77,662.82
2026-02-17 19:11:34.085926,pyspark,12,672066,118.05,583.53,701.58
2026-02-17 19:11:34.621197,pyspark,12,672066,118.05,663.68,781.73
2026-02-17 19:11:35.164969,pyspark,12,672066,118.05,682.02,800.07
2026-02-17 19:11:35.680998,pyspark,12,672066,118.05,1066.23,1184.29
2026-02-17 19:11:36.199279,pyspark,12,672066,118.05,1067.81,1185.86
2026-02-17 19:11:36.726064,pyspark,12,672066,118.05,1074.72,1192.77
2026-02-17 19:11:37.271424,pyspark,12,672066,118.05,1155.81,1273.86
2026-02-17 19:11:37.791153,pyspark,12,672066,118.05,1199.83,1317.88
2026-02-17 19:11:38.291530,pyspark,12,672066,Monitoring Ended,-,-
2026-02-17 19:11:38.543046,pyspark,13,672787,0.90,0.00,0.90
2026-02-17 19:11:39.050556,pyspark,13,672787,56.29,38.90,95.19
2026-02-17 19:11:39.573378,pyspark,13,672787,56.29,112.79,169.08
2026-02-17 19:11:40.087967,pyspark,13,672787,56.29,124.43,180.73
2026-02-17 19:11:40.594425,pyspark,13,672787,56.29,158.47,214.76
2026-02-17 19:11:41.115455,pyspark,13,672787,56.31,172.07,228.38
2026-02-17 19:11:41.640259,pyspark,13,672787,56.31,218.26,274.57
2026-02-17 19:11:42.152436,pyspark,13,672787,56.32,235.25,291.57
2026-02-17 19:11:42.659707,pyspark,13,672787,56.32,266.86,323.18
2026-02-17 19:11:43.168841,pyspark,13,672787,56.46,305.19,361.64
2026-02-17 19:11:43.685838,pyspark,13,672787,56.46,355.70,412.16
2026-02-17 19:11:44.195750,pyspark,13,672787,56.46,408.34,464.80
2026-02-17 19:11:44.707576,pyspark,13,672787,56.46,456.43,512.89
2026-02-17 19:11:45.213505,pyspark,13,672787,56.46,467.39,523.85
2026-02-17 19:11:45.732772,pyspark,13,672787,56.46,483.05,539.51
2026-02-17 19:11:46.238738,pyspark,13,672787,102.87,492.48,595.35
2026-02-17 19:11:46.755057,pyspark,13,672787,118.30,514.64,632.94
2026-02-17 19:11:47.268724,pyspark,13,672787,118.30,528.34,646.64
2026-02-17 19:11:47.799380,pyspark,13,672787,118.30,544.12,662.42
2026-02-17 19:11:48.332871,pyspark,13,672787,118.30,566.39,684.69
2026-02-17 19:11:48.857485,pyspark,13,672787,118.30,746.13,864.43
2026-02-17 19:11:49.373513,pyspark,13,672787,118.30,766.25,884.55
2026-02-17 19:11:49.881189,pyspark,13,672787,118.30,852.85,971.14
2026-02-17 19:11:50.391835,pyspark,13,672787,118.30,902.79,1021.09
2026-02-17 19:11:50.913529,pyspark,13,672787,118.30,914.33,1032.62
2026-02-17 19:11:51.433190,pyspark,13,672787,118.30,917.88,1036.18
2026-02-17 19:11:51.946110,pyspark,13,672787,119.43,924.01,1043.44
2026-02-17 19:11:52.448241,pyspark,13,672787,Monitoring Ended,-,-
2026-02-17 19:11:52.458063,pyspark,14,673663,0.90,0.00,0.90
2026-02-17 19:11:52.969535,pyspark,14,673663,56.35,48.78,105.12
2026-02-17 19:11:53.482203,pyspark,14,673663,56.35,122.09,178.43
2026-02-17 19:11:53.991241,pyspark,14,673663,56.35,158.39,214.73
2026-02-17 19:11:54.500228,pyspark,14,673663,56.37,177.72,234.09
2026-02-17 19:11:55.009061,pyspark,14,673663,56.37,219.56,275.93
2026-02-17 19:11:55.518970,pyspark,14,673663,56.37,235.92,292.29
2026-02-17 19:11:56.028087,pyspark,14,673663,56.52,295.70,352.21
2026-02-17 19:11:56.538320,pyspark,14,673663,56.52,354.31,410.82
2026-02-17 19:11:57.050074,pyspark,14,673663,56.52,371.22,427.74
2026-02-17 19:11:57.556029,pyspark,14,673663,56.52,388.03,444.54
2026-02-17 19:11:58.064961,pyspark,14,673663,56.52,401.30,457.82
2026-02-17 19:11:58.575441,pyspark,14,673663,56.52,435.91,492.43
2026-02-17 19:11:59.081282,pyspark,14,673663,116.18,447.98,564.16
2026-02-17 19:11:59.594824,pyspark,14,673663,118.12,463.68,581.81
2026-02-17 19:12:00.104240,pyspark,14,673663,118.12,476.63,594.75
2026-02-17 19:12:00.626373,pyspark,14,673663,118.12,532.43,650.55
2026-02-17 19:12:01.157984,pyspark,14,673663,118.12,556.94,675.07
2026-02-17 19:12:01.702568,pyspark,14,673663,118.12,571.80,689.93
2026-02-17 19:12:02.226337,pyspark,14,673663,118.12,830.89,949.02
2026-02-17 19:12:02.726504,pyspark,14,673663,Monitoring Ended,-,-
2026-02-17 19:12:02.982637,pyspark,15,674312,0.82,0.00,0.82
2026-02-17 19:12:03.492306,pyspark,15,674312,56.25,73.57,129.81
2026-02-17 19:12:03.999286,pyspark,15,674312,56.25,122.73,178.97
2026-02-17 19:12:04.509920,pyspark,15,674312,56.25,157.73,213.97
2026-02-17 19:12:05.018634,pyspark,15,674312,56.27,174.23,230.50
2026-02-17 19:12:05.531848,pyspark,15,674312,56.27,212.44,268.71
2026-02-17 19:12:06.041328,pyspark,15,674312,56.27,218.61,274.88
2026-02-17 19:12:06.549753,pyspark,15,674312,56.41,282.91,339.33
2026-02-17 19:12:07.061016,pyspark,15,674312,56.41,350.57,406.98
2026-02-17 19:12:07.581077,pyspark,15,674312,56.41,373.43,429.84
2026-02-17 19:12:08.087101,pyspark,15,674312,56.41,389.82,446.24
2026-02-17 19:12:08.592678,pyspark,15,674312,56.41,397.38,453.79
2026-02-17 19:12:09.101797,pyspark,15,674312,56.41,434.95,491.36
2026-02-17 19:12:09.618483,pyspark,15,674312,56.41,452.74,509.16
2026-02-17 19:12:10.124748,pyspark,15,674312,118.21,460.45,578.66
2026-02-17 19:12:10.636751,pyspark,15,674312,118.21,474.59,592.80
2026-02-17 19:12:11.160298,pyspark,15,674312,118.21,485.10,603.30
2026-02-17 19:12:11.677296,pyspark,15,674312,118.21,615.73,733.94
2026-02-17 19:12:12.218757,pyspark,15,674312,118.21,782.10,900.31
2026-02-17 19:12:12.748694,pyspark,15,674312,118.21,1033.97,1152.18
2026-02-17 19:12:13.268819,pyspark,15,674312,118.21,1253.51,1371.72
2026-02-17 19:12:13.800076,pyspark,15,674312,118.21,1711.53,1829.73
2026-02-17 19:12:14.315743,pyspark,15,674312,118.21,1850.91,1969.11
2026-02-17 19:12:14.853654,pyspark,15,674312,118.21,1858.14,1976.35
2026-02-17 19:12:15.353810,pyspark,15,674312,Monitoring Ended,-,-
2026-02-17 19:12:15.368855,pyspark,16,675018,0.83,0.00,0.83
2026-02-17 19:12:15.876621,pyspark,16,675018,56.29,53.06,109.35
2026-02-17 19:12:16.387900,pyspark,16,675018,56.29,104.18,160.47
2026-02-17 19:12:16.924877,pyspark,16,675018,56.29,121.59,177.87
2026-02-17 19:12:17.444173,pyspark,16,675018,56.29,155.47,211.75
2026-02-17 19:12:17.953734,pyspark,16,675018,56.30,172.49,228.79
2026-02-17 19:12:18.463435,pyspark,16,675018,56.30,204.88,261.19
2026-02-17 19:12:18.974123,pyspark,16,675018,56.31,206.79,263.10
2026-02-17 19:12:19.484418,pyspark,16,675018,56.45,264.82,321.27
2026-02-17 19:12:19.990617,pyspark,16,675018,56.45,319.16,375.61
2026-02-17 19:12:20.501281,pyspark,16,675018,56.45,363.59,420.04
2026-02-17 19:12:21.014156,pyspark,16,675018,56.45,381.91,438.36
2026-02-17 19:12:21.523857,pyspark,16,675018,56.45,394.54,451.00
2026-02-17 19:12:22.031054,pyspark,16,675018,56.45,430.93,487.38
2026-02-17 19:12:22.540146,pyspark,16,675018,56.45,442.66,499.11
2026-02-17 19:12:23.050751,pyspark,16,675018,106.40,464.35,570.75
2026-02-17 19:12:23.563149,pyspark,16,675018,118.04,477.38,595.41
2026-02-17 19:12:24.075263,pyspark,16,675018,118.04,485.91,603.94
2026-02-17 19:12:24.585802,pyspark,16,675018,118.04,506.05,624.08
2026-02-17 19:12:25.101572,pyspark,16,675018,118.04,513.34,631.38
2026-02-17 19:12:25.632960,pyspark,16,675018,118.04,988.24,1106.28
2026-02-17 19:12:26.156677,pyspark,16,675018,118.04,1104.87,1222.90
2026-02-17 19:12:26.678514,pyspark,16,675018,118.04,1218.83,1336.86
2026-02-17 19:12:27.207438,pyspark,16,675018,118.04,1269.96,1388.00
2026-02-17 19:12:27.718013,pyspark,16,675018,118.04,1313.46,1431.49
2026-02-17 19:12:28.228411,pyspark,16,675018,124.61,1318.50,1443.11
2026-02-17 19:12:28.728729,pyspark,16,675018,Monitoring Ended,-,-
2026-02-17 19:12:28.736480,pyspark,17,675842,0.82,0.00,0.82
2026-02-17 19:12:29.250661,pyspark,17,675842,56.36,70.77,127.12
2026-02-17 19:12:29.759636,pyspark,17,675842,56.36,125.57,181.93
2026-02-17 19:12:30.265707,pyspark,17,675842,56.36,162.28,218.64
2026-02-17 19:12:30.776381,pyspark,17,675842,56.38,178.86,235.23
2026-02-17 19:12:31.295995,pyspark,17,675842,56.38,228.52,284.89
2026-02-17 19:12:31.804516,pyspark,17,675842,56.38,244.74,301.12
2026-02-17 19:12:32.310672,pyspark,17,675842,56.52,302.98,359.50
2026-02-17 19:12:32.827088,pyspark,17,675842,56.52,361.60,418.12
2026-02-17 19:12:33.341033,pyspark,17,675842,56.52,380.89,437.41
2026-02-17 19:12:33.848122,pyspark,17,675842,56.52,390.59,447.11
2026-02-17 19:12:34.355267,pyspark,17,675842,56.52,403.71,460.23
2026-02-17 19:12:34.864110,pyspark,17,675842,56.52,444.05,500.58
2026-02-17 19:12:35.372748,pyspark,17,675842,111.12,454.27,565.39
2026-02-17 19:12:35.884453,pyspark,17,675842,118.23,468.72,586.95
2026-02-17 19:12:36.404971,pyspark,17,675842,118.23,487.68,605.90
2026-02-17 19:12:36.920752,pyspark,17,675842,118.23,635.84,754.06
2026-02-17 19:12:37.441787,pyspark,17,675842,118.23,847.01,965.23
2026-02-17 19:12:37.977222,pyspark,17,675842,118.23,1020.01,1138.24
2026-02-17 19:12:38.508943,pyspark,17,675842,118.23,1104.02,1222.25
2026-02-17 19:12:39.019816,pyspark,17,675842,118.23,1238.88,1357.11
2026-02-17 19:12:39.540729,pyspark,17,675842,118.23,1343.58,1461.80
2026-02-17 19:12:40.065204,pyspark,17,675842,118.23,1393.12,1511.34
2026-02-17 19:12:40.577592,pyspark,17,675842,118.23,1671.99,1790.21
2026-02-17 19:12:41.107419,pyspark,17,675842,118.23,1729.15,1847.38
2026-02-17 19:12:41.607754,pyspark,17,675842,Monitoring Ended,-,-
2026-02-17 19:12:41.735770,pyspark,18,676554,0.84,0.00,0.84
2026-02-17 19:12:42.245960,pyspark,18,676554,56.32,66.17,122.50
2026-02-17 19:12:42.754572,pyspark,18,676554,56.32,124.39,180.71
2026-02-17 19:12:43.263899,pyspark,18,676554,56.32,160.02,216.34
2026-02-17 19:12:43.790043,pyspark,18,676554,56.34,177.39,233.74
2026-02-17 19:12:44.303177,pyspark,18,676554,56.34,236.50,292.84
2026-02-17 19:12:44.810103,pyspark,18,676554,56.49,254.97,311.46
2026-02-17 19:12:45.318866,pyspark,18,676554,56.49,313.79,370.27
2026-02-17 19:12:45.828754,pyspark,18,676554,56.49,369.01,425.50
2026-02-17 19:12:46.337792,pyspark,18,676554,56.49,383.98,440.47
2026-02-17 19:12:46.853325,pyspark,18,676554,56.49,396.51,453.00
2026-02-17 19:12:47.359021,pyspark,18,676554,56.49,406.92,463.41
2026-02-17 19:12:47.868174,pyspark,18,676554,56.49,445.33,501.82
2026-02-17 19:12:48.395433,pyspark,18,676554,91.09,472.84,563.93
2026-02-17 19:12:48.905369,pyspark,18,676554,118.21,482.32,600.53
2026-02-17 19:12:49.414416,pyspark,18,676554,118.21,492.01,610.22
2026-02-17 19:12:49.936200,pyspark,18,676554,118.21,537.22,655.43
2026-02-17 19:12:50.464798,pyspark,18,676554,118.21,571.69,689.91
2026-02-17 19:12:50.976549,pyspark,18,676554,118.21,611.59,729.80
2026-02-17 19:12:51.496711,pyspark,18,676554,118.21,718.87,837.08
2026-02-17 19:12:52.094397,pyspark,18,676554,118.21,874.69,992.91
2026-02-17 19:12:52.616993,pyspark,18,676554,118.21,1170.66,1288.88
2026-02-17 19:12:53.138824,pyspark,18,676554,118.21,1464.96,1583.17
2026-02-17 19:12:53.694480,pyspark,18,676554,118.21,1651.93,1770.14
2026-02-17 19:12:54.215834,pyspark,18,676554,118.21,1918.48,2036.69
2026-02-17 19:12:54.739788,pyspark,18,676554,118.21,2242.64,2360.85
2026-02-17 19:12:55.250048,pyspark,18,676554,118.21,2399.88,2518.10
2026-02-17 19:12:55.760957,pyspark,18,676554,118.21,2442.96,2561.18
2026-02-17 19:12:56.280152,pyspark,18,676554,118.21,2443.79,2562.00
2026-02-17 19:12:56.815362,pyspark,18,676554,118.21,2540.62,2658.83
2026-02-17 19:12:57.349249,pyspark,18,676554,118.21,2776.82,2895.03
2026-02-17 19:12:57.867810,pyspark,18,676554,118.21,2781.42,2899.64
2026-02-17 19:12:58.404463,pyspark,18,676554,118.21,3038.68,3156.89
2026-02-17 19:12:58.915981,pyspark,18,676554,118.21,3112.36,3230.58
2026-02-17 19:12:59.473727,pyspark,18,676554,118.21,3164.63,3282.85
2026-02-17 19:12:59.993985,pyspark,18,676554,118.21,3170.77,3288.99
2026-02-17 19:13:00.556756,pyspark,18,676554,118.21,3194.42,3312.64
2026-02-17 19:13:01.069007,pyspark,18,676554,118.21,3462.12,3580.34
2026-02-17 19:13:01.569679,pyspark,18,676554,Monitoring Ended,-,-
2026-02-17 19:13:01.689284,pyspark,19,677667,0.01,0.00,0.01
2026-02-17 19:13:02.196639,pyspark,19,677667,56.34,39.08,95.42
2026-02-17 19:13:02.703084,pyspark,19,677667,56.34,119.23,175.57
2026-02-17 19:13:03.217607,pyspark,19,677667,56.34,128.16,184.50
2026-02-17 19:13:03.733158,pyspark,19,677667,56.34,160.93,217.27
2026-02-17 19:13:04.249411,pyspark,19,677667,56.36,171.43,227.79
2026-02-17 19:13:04.768458,pyspark,19,677667,56.36,197.15,253.51
2026-02-17 19:13:05.284113,pyspark,19,677667,56.36,222.95,279.32
2026-02-17 19:13:05.807906,pyspark,19,677667,56.36,219.61,275.97
2026-02-17 19:13:06.318644,pyspark,19,677667,56.50,267.39,323.89
2026-02-17 19:13:06.835497,pyspark,19,677667,56.50,324.56,381.07
2026-02-17 19:13:07.345104,pyspark,19,677667,56.50,366.64,423.15
2026-02-17 19:13:07.856375,pyspark,19,677667,56.50,376.10,432.60
2026-02-17 19:13:08.369356,pyspark,19,677667,56.50,387.13,443.64
2026-02-17 19:13:08.880816,pyspark,19,677667,56.50,397.91,454.42
2026-02-17 19:13:09.386623,pyspark,19,677667,56.50,438.44,494.94
2026-02-17 19:13:09.903658,pyspark,19,677667,57.11,454.25,511.36
2026-02-17 19:13:10.418147,pyspark,19,677667,118.32,456.64,574.96
2026-02-17 19:13:10.927409,pyspark,19,677667,118.32,471.39,589.71
2026-02-17 19:13:11.436165,pyspark,19,677667,118.32,480.66,598.98
2026-02-17 19:13:11.947017,pyspark,19,677667,118.32,488.93,607.25
2026-02-17 19:13:12.463239,pyspark,19,677667,118.32,494.27,612.59
2026-02-17 19:13:12.997630,pyspark,19,677667,118.32,568.31,686.63
2026-02-17 19:13:13.506509,pyspark,19,677667,118.32,846.31,964.63
2026-02-17 19:13:14.006634,pyspark,19,677667,Monitoring Ended,-,-
2026-02-17 19:13:14.123678,pyspark,20,678383,0.89,0.00,0.89
2026-02-17 19:13:14.631857,pyspark,20,678383,56.19,50.60,106.79
2026-02-17 19:13:15.141223,pyspark,20,678383,56.19,120.60,176.79
2026-02-17 19:13:15.647314,pyspark,20,678383,56.19,155.18,211.37
2026-02-17 19:13:16.159648,pyspark,20,678383,56.21,172.24,228.45
2026-02-17 19:13:16.676749,pyspark,20,678383,56.21,211.71,267.91
2026-02-17 19:13:17.186498,pyspark,20,678383,56.21,217.71,273.92
2026-02-17 19:13:17.696585,pyspark,20,678383,56.36,272.11,328.46
2026-02-17 19:13:18.206808,pyspark,20,678383,56.36,331.43,387.78
2026-02-17 19:13:18.717455,pyspark,20,678383,56.36,367.75,424.11
2026-02-17 19:13:19.227276,pyspark,20,678383,56.36,380.52,436.87
2026-02-17 19:13:19.732786,pyspark,20,678383,56.36,394.03,450.39
2026-02-17 19:13:20.243900,pyspark,20,678383,56.36,432.55,488.90
2026-02-17 19:13:20.758965,pyspark,20,678383,56.36,488.87,545.22
2026-02-17 19:13:21.271728,pyspark,20,678383,56.36,531.46,587.82
2026-02-17 19:13:21.780064,pyspark,20,678383,118.17,536.19,654.36
2026-02-17 19:13:22.291618,pyspark,20,678383,118.17,546.78,664.95
2026-02-17 19:13:22.803363,pyspark,20,678383,118.17,561.69,679.86
2026-02-17 19:13:23.322654,pyspark,20,678383,118.17,575.82,693.99
2026-02-17 19:13:23.842969,pyspark,20,678383,118.17,590.90,709.07
2026-02-17 19:13:24.376488,pyspark,20,678383,118.17,694.43,812.60
2026-02-17 19:13:24.900119,pyspark,20,678383,118.17,785.39,903.56
2026-02-17 19:13:25.436311,pyspark,20,678383,118.17,1252.73,1370.90
2026-02-17 19:13:25.970953,pyspark,20,678383,118.17,1495.25,1613.43
2026-02-17 19:13:26.493563,pyspark,20,678383,118.17,1567.47,1685.64
2026-02-17 19:13:27.002586,pyspark,20,678383,0.00,0.00,0.00
2026-02-17 19:13:27.503063,pyspark,20,678383,Monitoring Ended,-,-
2026-02-17 19:13:27.510994,pyspark,21,679271,0.82,0.00,0.82
2026-02-17 19:13:28.023543,pyspark,21,679271,56.24,70.61,126.84
2026-02-17 19:13:28.533148,pyspark,21,679271,56.24,123.67,179.91
2026-02-17 19:13:29.053785,pyspark,21,679271,56.24,159.46,215.70
2026-02-17 19:13:29.563134,pyspark,21,679271,56.26,172.98,229.24
2026-02-17 19:13:30.085810,pyspark,21,679271,56.26,200.32,256.58
2026-02-17 19:13:30.595254,pyspark,21,679271,56.26,232.93,289.19
2026-02-17 19:13:31.111004,pyspark,21,679271,56.40,264.21,320.61
2026-02-17 19:13:31.624394,pyspark,21,679271,56.40,314.49,370.89
2026-02-17 19:13:32.133689,pyspark,21,679271,56.40,367.26,423.66
2026-02-17 19:13:32.644246,pyspark,21,679271,56.40,403.44,459.84
2026-02-17 19:13:33.152958,pyspark,21,679271,56.40,439.48,495.88
2026-02-17 19:13:33.658931,pyspark,21,679271,56.40,452.66,509.06
2026-02-17 19:13:34.170909,pyspark,21,679271,56.40,486.04,542.45
2026-02-17 19:13:34.681472,pyspark,21,679271,88.20,501.62,589.82
2026-02-17 19:13:35.187643,pyspark,21,679271,118.09,510.41,628.50
2026-02-17 19:13:35.712402,pyspark,21,679271,118.09,536.39,654.48
2026-02-17 19:13:36.224606,pyspark,21,679271,118.09,547.74,665.84
2026-02-17 19:13:36.755446,pyspark,21,679271,118.09,555.29,673.38
2026-02-17 19:13:37.274914,pyspark,21,679271,118.09,603.73,721.82
2026-02-17 19:13:37.786658,pyspark,21,679271,118.09,705.74,823.84
2026-02-17 19:13:38.303616,pyspark,21,679271,118.09,867.46,985.56
2026-02-17 19:13:38.858314,pyspark,21,679271,118.09,1065.38,1183.47
2026-02-17 19:13:39.388920,pyspark,21,679271,118.09,1326.36,1444.45
2026-02-17 19:13:39.928761,pyspark,21,679271,118.09,1336.76,1454.86
2026-02-17 19:13:40.461776,pyspark,21,679271,118.09,1342.93,1461.02
2026-02-17 19:13:40.983196,pyspark,21,679271,118.09,1344.11,1462.20
2026-02-17 19:13:41.505260,pyspark,21,679271,118.09,1363.17,1481.26
2026-02-17 19:13:42.026334,pyspark,21,679271,118.09,1613.99,1732.09
2026-02-17 19:13:42.552384,pyspark,21,679271,118.09,1623.80,1741.90
2026-02-17 19:13:43.078550,pyspark,21,679271,118.09,1635.40,1753.49
2026-02-17 19:13:43.614351,pyspark,21,679271,118.09,1790.84,1908.93
2026-02-17 19:13:44.135296,pyspark,21,679271,118.09,1986.46,2104.55
2026-02-17 19:13:44.657715,pyspark,21,679271,118.09,2460.84,2578.94
2026-02-17 19:13:45.181570,pyspark,21,679271,118.09,2670.86,2788.95
2026-02-17 19:13:45.703862,pyspark,21,679271,118.09,3125.08,3243.17
2026-02-17 19:13:46.221811,pyspark,21,679271,118.09,3637.31,3755.41
2026-02-17 19:13:46.770135,pyspark,21,679271,118.09,3732.26,3850.35
2026-02-17 19:13:47.283532,pyspark,21,679271,118.09,3733.12,3851.21
2026-02-17 19:13:47.802439,pyspark,21,679271,118.09,3803.64,3921.73
2026-02-17 19:13:48.303419,pyspark,21,679271,Monitoring Ended,-,-
2026-02-17 19:13:48.803738,pyspark,22,680449,0.68,0.00,0.68
2026-02-17 19:13:49.313056,pyspark,22,680449,56.27,3.75,60.01
2026-02-17 19:13:49.826756,pyspark,22,680449,56.27,73.98,130.24
2026-02-17 19:13:50.340138,pyspark,22,680449,56.27,118.96,175.23
2026-02-17 19:13:50.875015,pyspark,22,680449,56.27,129.83,186.10
2026-02-17 19:13:51.384314,pyspark,22,680449,56.27,161.86,218.12
2026-02-17 19:13:51.909899,pyspark,22,680449,56.29,175.76,232.04
2026-02-17 19:13:52.426288,pyspark,22,680449,56.29,204.23,260.51
2026-02-17 19:13:52.940547,pyspark,22,680449,56.29,223.79,280.07
2026-02-17 19:13:53.451554,pyspark,22,680449,56.43,231.93,288.36
2026-02-17 19:13:53.964708,pyspark,22,680449,56.43,274.39,330.82
2026-02-17 19:13:54.490628,pyspark,22,680449,56.43,313.59,370.02
2026-02-17 19:13:55.008699,pyspark,22,680449,56.43,347.57,404.00
2026-02-17 19:13:55.542249,pyspark,22,680449,56.43,367.73,424.16
2026-02-17 19:13:56.067756,pyspark,22,680449,56.43,372.92,429.35
2026-02-17 19:13:56.593677,pyspark,22,680449,56.43,383.60,440.03
2026-02-17 19:13:57.125456,pyspark,22,680449,56.43,386.55,442.98
2026-02-17 19:13:57.647828,pyspark,22,680449,56.43,395.05,451.48
2026-02-17 19:13:58.175994,pyspark,22,680449,56.43,424.32,480.75
2026-02-17 19:13:58.701913,pyspark,22,680449,56.43,429.18,485.61
2026-02-17 19:13:59.215452,pyspark,22,680449,56.43,434.60,491.03
2026-02-17 19:13:59.764081,pyspark,22,680449,56.43,442.16,498.59
2026-02-17 19:14:00.309457,pyspark,22,680449,56.43,457.84,514.28
2026-02-17 19:14:00.829736,pyspark,22,680449,56.43,474.13,530.56
2026-02-17 19:14:01.363323,pyspark,22,680449,56.43,474.31,530.75
2026-02-17 19:14:01.882586,pyspark,22,680449,91.80,474.54,566.34
2026-02-17 19:14:02.399915,pyspark,22,680449,118.33,475.14,593.47
2026-02-17 19:14:02.921428,pyspark,22,680449,118.33,476.12,594.45
2026-02-17 19:14:03.461245,pyspark,22,680449,118.33,482.67,601.00
2026-02-17 19:14:03.994832,pyspark,22,680449,118.33,491.78,610.11
2026-02-17 19:14:04.508130,pyspark,22,680449,118.33,505.33,623.66
2026-02-17 19:14:05.027314,pyspark,22,680449,118.33,567.89,686.22
2026-02-17 19:14:05.548350,pyspark,22,680449,118.33,618.50,736.84
2026-02-17 19:14:06.065896,pyspark,22,680449,118.33,729.41,847.74
2026-02-17 19:14:06.604893,pyspark,22,680449,118.33,781.99,900.32
2026-02-17 19:14:07.116173,pyspark,22,680449,118.33,787.52,905.85
2026-02-17 19:14:07.635766,pyspark,22,680449,118.33,797.12,915.46
2026-02-17 19:14:08.201899,pyspark,22,680449,118.33,820.72,939.05
2026-02-17 19:14:08.727083,pyspark,22,680449,118.33,846.94,965.27
2026-02-17 19:14:09.261410,pyspark,22,680449,118.33,861.27,979.60
2026-02-17 19:14:09.827062,pyspark,22,680449,119.20,870.29,989.50
2026-02-17 19:14:10.327251,pyspark,22,680449,Monitoring Ended,-,-
